"ASX code","Company name","GICs industry group","Listing date","Market Cap"
"10X","EXULTANT MINING LIMITED","Materials","11/12/2025",7480000
"1AE","AURORA ENERGY METALS LIMITED","Materials","18/05/2022",11460079
"1AI","ALGORAE PHARMACEUTICALS LIMITED","Pharmaceuticals, Biotechnology & Life Sciences","01/09/2004",26299912
"1MC","MORELLA CORPORATION LIMITED","Materials","08/01/2001",11927369
"1TT","THRIVE TRIBE TECHNOLOGIES LIMITED","Software & Services","09/07/2015",1753076
"29M","29METALS LIMITED","Materials","02/07/2021",446269519
"3PL","3P LEARNING LIMITED..","Consumer Services","09/07/2014",69591163
"49M","49 METALS LIMITED","Materials","31/03/2026",9046032
"5EA","5E ADVANCED MATERIALS INC.","Materials","01/03/2022",97552925
"5GN","5G NETWORKS LIMITED.","Software & Services","14/12/1999",20720734
"6KA","6K ADDITIVE, INC.","Materials","04/12/2025",196441679
"88E","88 ENERGY LIMITED","Energy","20/01/2000",31942872
"8CO","8COMMON LIMITED","Software & Services","27/08/2014",4033708
"8IH","8I HOLDINGS LTD","Financial Services","17/12/2014",4177930
"A11","ATLANTIC LITHIUM LIMITED","Materials","26/09/2022",248466020
"A1M","AIC MINES LIMITED","Materials","04/11/1993",498512388
"A1N","ARN MEDIA LIMITED","Media & Entertainment","07/05/1992",84523601
"AA2","ARIANA RESOURCES PLC","Materials","10/09/2025",112806289
"AAC","AUSTRALIAN AGRICULTURAL COMPANY LIMITED.","Food, Beverage & Tobacco","10/08/2001",789624439
"AAI","ALCOA CORPORATION","Materials","24/07/2024",23723699763
"AAL","ALFABS AUSTRALIA LIMITED","Capital Goods","28/06/2024",86100614
"AAP","AUSTRALIAN AGRICULTURAL PROJECTS LIMITED","Food, Beverage & Tobacco","07/01/2004",22484826
"AAR","ASTRAL RESOURCES NL","Materials","13/11/1986",252146385
"AAU","ANTILLES GOLD LIMITED","Materials","25/11/1993",32789073
"ABE","AUSTRALIAN BOND EXCHANGE HOLDINGS LIMITED","Financial Services","06/12/2021",2305433
"ABG","ABACUS GROUP","Equity Real Estate Investment Trusts (REITs)","14/11/2002",902594209
"ABV","ADVANCED BRAKING TECHNOLOGY LTD","Automobiles & Components","28/05/2002",45766695
"ACE","ACUSENSUS LIMITED.","Software & Services","12/01/2023",238622126
"ACM","AUSTRALIAN CRITICAL MINERALS LIMITED","Materials","03/07/2023",5849275
"ACP","AUDALIA RESOURCES LIMITED","Materials","06/07/2011",20331269
"ACQ","ACORN CAPITAL INVESTMENT FUND LIMITED","Not Applic","01/05/2014",82486462
"ACR","ACRUX LIMITED","Pharmaceuticals, Biotechnology & Life Sciences","29/09/2004",4619346
"ACS","ACCENT RESOURCES NL","Materials","26/08/2005",22518715
"ACU","ACUMENTIS GROUP LIMITED","Real Estate Management & Development","05/12/2003",17836404
"ADC","ACDC METALS LTD","Materials","17/01/2023",4776699
"ADD","ADAVALE RESOURCES LIMITED","Energy","06/02/1992",16087735
"ADN","ANDROMEDA METALS LIMITED","Materials","17/09/1996",36989052
"ADO","ANTEOTECH LTD","Pharmaceuticals, Biotechnology & Life Sciences","07/04/2000",50543356
"ADR","ADHERIUM LIMITED","Health Care Equipment & Services","26/08/2015",13434326
"ADS","ADSLOT LTD.","Software & Services","17/12/1987",5912803
"ADV","ARDIDEN LTD","Materials","25/10/2005",77366302
"ADX","ADX ENERGY LTD","Energy","29/01/1987",25069978
"ADY","ADMIRALTY RESOURCES NL.","Materials","01/12/1983","SUSPENDED"
"AEG","ALAND EQUITY GROUP LIMITED","Financial Services","03/05/2022",66188983
"AEI","AERIS ENVIRONMENTAL LTD","Commercial & Professional Services","12/09/2000",9863782
"AEL","AMPLITUDE ENERGY LIMITED","Energy","13/03/2002",506798604
"AEM","ADVANCED ENERGY MINERALS LTD","Materials","24/12/2025",235801298
"AEU","ATOMIC EAGLE LTD","Materials","22/11/2004",156695800
"AEV","AVENIRA LIMITED","Materials","10/10/2006",29810508
"AFA","ASF GROUP LIMITED","Financial Services","29/05/1985",49128647
"AFG","AUSTRALIAN FINANCE GROUP LTD","Financial Services","22/05/2015",436174901
"AFI","AUSTRALIAN FOUNDATION INVESTMENT COMPANY LIMITED","Not Applic","30/06/1962",8148084740
"AFL","AF LEGAL GROUP LTD","Commercial & Professional Services","19/09/2003",13910335
"AGD","AUSTRAL GOLD LIMITED","Materials","18/04/1997",90193997
"AGI","AINSWORTH GAME TECHNOLOGY LIMITED","Consumer Services","17/12/2001",439516077
"AGL","AGL ENERGY LIMITED.","Utilities","12/10/2006",6068180042
"AGY","ARGOSY MINERALS LIMITED","Materials","03/04/1997",100324961
"AHC","AUSTCO HEALTHCARE LIMITED","Health Care Equipment & Services","24/09/2004",125541679
"AHF","AUSTRALIAN DAIRY NUTRITIONALS LIMITED","Food, Beverage & Tobacco","30/06/2006",16536056
"AHL","ADRAD HOLDINGS LIMITED","Automobiles & Components","30/09/2022",106937583
"AHN","ATHENA RESOURCES LIMITED","Materials","22/11/2006",12745944
"AIA","AUCKLAND INTERNATIONAL AIRPORT LIMITED","Transportation","22/02/1999",11202794412
"AIH","ADVANCED INNERGY HOLDINGS LIMITED","Capital Goods","31/10/2025",342098310
"AII","ALMONTY INDUSTRIES INC.","Materials","02/08/2021",7024921532
"AIQ","ALTERNATIVE INVESTMENT TRUST","Not Applic","08/05/2005",73830834
"AIV","ACTIVEX LIMITED","Materials","11/04/2006",6250309
"AIZ","AIR NEW ZEALAND LIMITED","Transportation","01/10/1997",1115578934
"AJL","AJ LUCAS GROUP LIMITED","Capital Goods","10/08/1999",11005837
"AJX","ALEXIUM INTERNATIONAL GROUP LIMITED","Materials","22/12/1999",20330602
"AKG","ACADEMIES AUSTRALASIA GROUP LIMITED","Consumer Services","01/06/1977",14587591
"ALA","AROVELLA THERAPEUTICS LIMITED","Pharmaceuticals, Biotechnology & Life Sciences","24/01/2002",85823641
"ALB","ALBION RESOURCES LIMITED","Materials","30/04/2021",6540433
"ALD","AMPOL LIMITED","Energy","31/12/1980",8383467843
"ALI","ARGO GLOBAL LISTED INFRASTRUCTURE LIMITED","Not Applic","03/07/2015",438069900
"ALK","ALKANE RESOURCES LIMITED","Materials","07/10/1980",2028814159
"ALL","ARISTOCRAT LEISURE LIMITED","Consumer Services","09/07/1996",30684032068
"ALQ","ALS LIMITED","Commercial & Professional Services","18/07/1952",12084588187
"ALR","ALTAIR MINERALS LIMITED","Materials","01/02/2012",248456075
"ALV","ALVO MINERALS LIMITED","Materials","20/10/2021",10858931
"AM5","ANTARES METALS LIMITED","Materials","18/10/2021",5992720
"AM7","ARCADIA MINERALS LIMITED","Materials","25/06/2021",7545856
"AMA","AMA GROUP LIMITED","Commercial & Professional Services","31/08/2006",240741844
"AMC","AMCOR PLC","Materials","28/08/1969",24633778363
"AMD","ARROW MINERALS LTD","Materials","28/10/2005",7061366
"AMH","AMCIL LIMITED","Not Applic","10/02/2000",277871473
"AMO","AMBERTECH LIMITED","Technology Hardware & Equipment","10/12/2004",10971550
"AMP","AMP LIMITED","Financial Services","15/06/1998",4038125043
"AN1","ANAGENICS LIMITED","Pharmaceuticals, Biotechnology & Life Sciences","09/12/2005",6898156
"ANG","AUSTIN ENGINEERING LIMITED","Capital Goods","09/03/2004",109044403
"ANN","ANSELL LIMITED","Health Care Equipment & Services","22/08/1985",3685341646
"ANO","ADVANCE ZINCTEK LIMITED","Materials","24/02/2005",50116886
"ANR","ANATARA LIFESCIENCES LTD","Pharmaceuticals, Biotechnology & Life Sciences","16/10/2014",2843557
"ANX","ANAX METALS LIMITED","Materials","15/06/2004",42039675
"ANZ","ANZ GROUP HOLDINGS LIMITED","Banks","30/09/1969",106461502534
"AOK","AUSTRALIAN OIL COMPANY LIMITED.","Energy","11/10/2005",5679985
"AOV","AMOTIV LIMITED","Automobiles & Components","30/06/1962",815146269
"APA","APA GROUP","Utilities","13/06/2000",13674352096
"APE","EAGERS AUTOMOTIVE LIMITED","Consumer Discretionary Distribution & Retail","17/04/1957",6127306135
"APL","ASSOCIATE GLOBAL PARTNERS LIMITED","Financial Services","30/09/2004",17262728
"APW","AIMS PROPERTY SECURITIES FUND","Equity Real Estate Investment Trusts (REITs)","17/12/2004",142461066
"APZ","ASPEN GROUP","Equity Real Estate Investment Trusts (REITs)","11/04/1991",1067750881
"AQC","AUSTRALIAN PACIFIC COAL LIMITED","Materials","17/12/1999","SUSPENDED"
"AQD","AUSQUEST LIMITED","Materials","25/11/2003",66864264
"AQN","AQUIRIAN LIMITED","Commercial & Professional Services","27/07/2021",50331369
"AQZ","ALLIANCE AVIATION SERVICES LIMITED","Transportation","20/12/2011",89388771
"AR1","AUSTRAL RESOURCES AUSTRALIA LTD","Materials","03/11/2021",204592138
"AR3","AUSTRALIAN RARE EARTHS LIMITED","Materials","01/07/2021",31942976
"ARA","ARIADNE AUSTRALIA LIMITED","Commercial & Professional Services","12/10/1982",93000971
"ARB","ARB CORPORATION LIMITED.","Automobiles & Components","26/06/1987",1482456564
"ARC","ARC FUNDS LIMITED","Financial Services","14/04/2000",5161612
"ARF","ARENA REIT.","Equity Real Estate Investment Trusts (REITs)","13/06/2013",1325631091
"ARG","ARGO INVESTMENTS LIMITED","Not Applic","31/03/1963",6670056842
"ARI","ARIKA RESOURCES LIMITED","Materials","21/12/2005",31396317
"ART","AIRTASKER LIMITED","Media & Entertainment","23/03/2021",95058181
"ARU","ARAFURA RARE EARTHS LTD","Materials","05/11/2003",1450814999
"AS1","ASARA RESOURCES LIMITED","Materials","13/08/1987",260803759
"AS2","ASKARI METALS LIMITED","Materials","07/07/2021",7329191
"ASB","AUSTAL LIMITED","Capital Goods","08/12/1998",1620672849
"ASH","ASHLEY SERVICES GROUP LIMITED","Commercial & Professional Services","21/08/2014",32686699
"ASK","ABACUS STORAGE KING","Equity Real Estate Investment Trusts (REITs)","01/08/2023",1866026206
"ASL","ANDEAN SILVER LIMITED","Materials","30/09/2021",416827443
"ASP","ASPERMONT LIMITED.","Media & Entertainment","27/04/2000",22124903
"ASV","ASSET VISION CO LTD","Commercial & Professional Services","02/12/2013",24035570
"ASX","ASX LIMITED","Financial Services","14/10/1998",11740223728
"ATA","ATTURRA LIMITED","Software & Services","22/12/2021",166250897
"ATH","ALTERITY THERAPEUTICS LIMITED","Pharmaceuticals, Biotechnology & Life Sciences","28/03/2000",97878747
"ATM","PT ANTAM (PERSERO) TBK","Materials","09/08/1999",4903605726
"ATP","ATLAS PEARLS LTD","Consumer Durables & Apparel","31/12/1993",46099471
"ATR","ASTRON LIMITED","Materials","11/11/1983",253773662
"ATT","ALTITUDE MINERALS LTD","Materials","15/09/2021",5353405
"ATV","ACTIVEPORT GROUP LTD","Software & Services","20/10/2021",17054223
"ATX","AMPLIA THERAPEUTICS LIMITED","Pharmaceuticals, Biotechnology & Life Sciences","23/12/2013",69297122
"AUB","AUB GROUP LIMITED","Insurance","16/11/2005",3235965606
"AUE","AURUM RESOURCES LIMITED","Materials","02/11/2021",225945679
"AUG","AUGUSTUS MINERALS LIMITED","Materials","25/05/2023",8873457
"AUI","AUSTRALIAN UNITED INVESTMENT COMPANY LIMITED","Not Applic","01/01/1974",2357987274
"AUR","AURIS MINERALS LIMITED","Materials","15/03/2001",29592397
"AUV","AURAVELLE METALS LIMITED","Materials","23/08/1990",10309333
"AUZ","AUSTRALIAN MINES LIMITED","Materials","28/09/2001",47489348
"AV1","ADVERITAS LIMITED","Software & Services","18/12/2012",75059350
"AVD","AVADA GROUP LIMITED","Commercial & Professional Services","17/12/2021",7729087
"AVE","AVECHO BIOTECHNOLOGY LIMITED","Pharmaceuticals, Biotechnology & Life Sciences","09/08/1993",45965379
"AVG","AUSTRALIAN VINTAGE LTD","Food, Beverage & Tobacco","26/03/1992",19767775
"AVH","AVITA MEDICAL INC.","Pharmaceuticals, Biotechnology & Life Sciences","24/06/2020",182351882
"AVR","ANTERIS TECHNOLOGIES GLOBAL CORP.","Health Care Equipment & Services","24/03/2004",1220671226
"AVW","AVIRA RESOURCES LTD","Materials","09/01/2013",4725000
"AW1","AMERICAN WEST METALS LIMITED","Materials","13/12/2021",52833446
"AX1","ACCENT GROUP LIMITED","Consumer Discretionary Distribution & Retail","07/07/2004",324640264
"AXI","AXTEC LIMITED","Real Estate Management & Development","31/01/1997",9821046
"AXL","AXEL REE LIMITED","Materials","23/07/2024",12316814
"AXN","ALLIANCE NICKEL LIMITED","Materials","21/08/1980",29876184
"AXP","AXP ENERGY LIMITED","Energy","20/07/2006",4047602
"AYA","ARTRYA LIMITED","Health Care Equipment & Services","26/11/2021",731881678
"B4P","BEFOREPAY GROUP LIMITED","Financial Services","17/01/2022",69466649
"BAK","BARKLY RARE EARTHS LIMITED","Materials","30/01/2026",16250000
"BAP","BAPCOR LIMITED","Consumer Discretionary Distribution & Retail","24/04/2014",255646170
"BAS","BASS OIL LIMITED","Energy","30/09/2004",19818321
"BB1","BLINKLAB LIMITED","Health Care Equipment & Services","04/04/2024",101660550
"BBC","BNK BANKING CORPORATION LIMITED","Banks","22/05/2012",24943806
"BBL","BRISBANE BRONCOS LIMITED","Media & Entertainment","12/05/1989",171571106
"BBT","BETR ENTERTAINMENT LIMITED","Consumer Services","02/07/2021",171767759
"BCB","BOWEN COKING COAL LIMITED","Materials","22/06/1995","SUSPENDED"
"BCC","BEAM COMMUNICATIONS HOLDINGS LIMITED","Technology Hardware & Equipment","06/11/1986",4666784
"BCI","BCI MINERALS LIMITED","Materials","15/12/2006",1013465034
"BCM","BRAZILIAN CRITICAL MINERALS LIMITED","Materials","12/08/2005",70557720
"BCN","BEACON MINERALS LIMITED","Materials","20/10/2006",265597588
"BDM","BURGUNDY DIAMOND MINES LIMITED","Materials","04/01/2013","SUSPENDED"
"BDX","BCAL DIAGNOSTICS LIMITED","Pharmaceuticals, Biotechnology & Life Sciences","21/07/2021",27651247
"BEL","BENTLEY CAPITAL LIMITED","Not Applic","07/11/1986",1141919
"BEN","BENDIGO AND ADELAIDE BANK LIMITED","Banks","19/12/1985",6079362777
"BFL","BSP FINANCIAL GROUP LIMITED","Banks","25/05/2021",3891942425
"BGD","BARTON GOLD HOLDINGS LIMITED","Materials","28/06/2021",216746484
"BGE","BRIDGE SAAS LIMITED","Software & Services","06/10/2022",2598170
"BGL","BELLEVUE GOLD LIMITED","Materials","20/12/2005",2213623593
"BHL","BLACK HORSE MINING LIMITED","Materials","02/12/2025",13899539
"BHM","BROKEN HILL MINES LIMITED","Materials","28/07/2022",247204137
"BHP","BHP GROUP LIMITED","Materials","13/08/1885",300310249825
"BIM","BINDI METALS LIMITED","Materials","28/06/2022",11511779
"BIO","BIOME AUSTRALIA LIMITED","Household & Personal Products","30/11/2021",56999508
"BIS","BISALLOY STEEL GROUP LIMITED","Materials","23/06/2003",205135126
"BIT","BIOTRON LIMITED","Pharmaceuticals, Biotechnology & Life Sciences","24/01/2001",8105598
"BKB","BLACK BEAR MINERALS LIMITED","Materials","12/09/2023",106704530
"BKI","BKI INVESTMENT COMPANY LIMITED","Not Applic","12/12/2003",1468984297
"BKT","BLACK ROCK MINING LIMITED","Materials","10/12/2003",32215864
"BKY","BERKELEY ENERGIA LIMITED","Energy","16/09/2003",178517257
"BLG","BLUGLASS LIMITED","Semiconductors & Semiconductor Equipment","22/09/2006",40286034
"BLU","BLUE ENERGY LIMITED.","Energy","13/10/1994",18071842
"BLX","BEACON LIGHTING GROUP LIMITED","Consumer Discretionary Distribution & Retail","15/04/2014",364654012
"BLZ","BLAZE MINERALS LIMITED","Energy","12/09/1996",2875000
"BM1","BALLARD MINING LIMITED","Materials","14/07/2025",309131947
"BMC","BMC MINERALS LTD.","Materials","12/12/2025",862368956
"BML","BOAB METALS LIMITED","Materials","15/07/2004",225657312
"BMM","BAYAN MINING AND MINERALS LIMITED","Materials","14/07/2021",11647627
"BMN","BANNERMAN ENERGY LTD","Energy","28/04/2005",708367781
"BMR","BALLYMORE RESOURCES LIMITED","Materials","03/09/2021",29070945
"BNL","BLUE STAR HELIUM LIMITED","Energy","24/11/1994",38143710
"BOA","BOA RESOURCES LTD","Materials","11/10/2012",18018579
"BOC","BOUGAINVILLE COPPER LIMITED","Materials","31/12/1970",212563125
"BOL","BOOM LOGISTICS LIMITED","Capital Goods","14/10/2003",67585671
"BOQ","BANK OF QUEENSLAND LIMITED.","Banks","24/08/1971",4206945734
"BOT","BOTANIX PHARMACEUTICALS LTD","Pharmaceuticals, Biotechnology & Life Sciences","24/01/1985",65376307
"BP8","BPH GLOBAL LTD","Pharmaceuticals, Biotechnology & Life Sciences","13/06/2000",3530227
"BPG","BLACK PEARL GROUP LIMITED","Software & Services","25/11/2025",48514209
"BPH","BPH ENERGY LTD","Financial Services","06/08/2004",10830791
"BPP","BABYLON PUMP & POWER LIMITED","Capital Goods","13/12/1996","SUSPENDED"
"BPT","BEACH ENERGY LIMITED","Energy","30/06/1972",2589313700
"BRE","BRAZILIAN RARE EARTHS LIMITED","Materials","21/12/2023",1798586857
"BRG","BREVILLE GROUP LIMITED","Consumer Durables & Apparel","25/05/1999",4175695714
"BRK","BROOKSIDE ENERGY LIMITED","Energy","31/10/2005",45291510
"BRL","BATHURST RESOURCES LIMITED.","Materials","21/06/2013",132029139
"BRX","BELARAROX LIMITED","Materials","28/01/2022",13260971
"BSA","BSA LIMITED","Commercial & Professional Services","15/11/1999",24096084
"BSL","BLUESCOPE STEEL LIMITED","Materials","15/07/2002",13142322930
"BSN","BASIN ENERGY LIMITED","Energy","04/10/2022",8000506
"BSR","BISON RESOURCES LIMITED","Materials","16/04/2026",30475000
"BTC","BTC HEALTH LTD","Not Applic","29/08/2000",19302541
"BTE","BOTALA ENERGY LTD","Energy","14/07/2022",21460244
"BTL","BEETALOO ENERGY AUSTRALIA LIMITED","Energy","30/08/1984",401483756
"BTR","BRIGHTSTAR RESOURCES LIMITED","Materials","05/12/2003",400686779
"BUB","BUBS AUSTRALIA LIMITED","Food, Beverage & Tobacco","05/10/1993",82259963
"BUS","BUBALUS RESOURCES LIMITED","Materials","13/10/2022",6499585
"BUYDA","BOUNTY OIL & GAS NL","Energy","05/02/2002",1509548
"BVR","BELLAVISTA RESOURCES LTD","Materials","25/05/2022",93813400
"BWN","BHAGWAN MARINE LIMITED","Transportation","30/07/2024",121131195
"BWP","BWP GROUP","Equity Real Estate Investment Trusts (REITs)","16/09/1998",2903792632
"BXB","BRAMBLES LIMITED","Commercial & Professional Services","27/11/2006",22810678344
"BXN","BIOXYNE LIMITED","Household & Personal Products","14/12/2000",168826065
"C1X","COSMOS EXPLORATION LIMITED","Materials","01/12/2021",20055508
"C29","C29 METALS LIMITED","Materials","03/11/2021",6314323
"C79","CHRYSOS CORPORATION LIMITED","Commercial & Professional Services","06/05/2022",679129687
"CAA","CAPRAL LIMITED","Materials","20/11/1986",185742681
"CAE","CANNINDAH RESOURCES LIMITED","Materials","20/05/2005",62994058
"CAM","CLIME CAPITAL LIMITED","Not Applic","03/02/2004",98700212
"CAT","CATAPULT SPORTS LTD","Software & Services","19/12/2014",1154702979
"CAZ","CAZALY RESOURCES LIMITED","Materials","31/10/2003",12958677
"CBA","COMMONWEALTH BANK OF AUSTRALIA.","Banks","12/09/1991",274665376819
"CBO","COBRAM ESTATE OLIVES LIMITED","Food, Beverage & Tobacco","11/08/2021",1915164764
"CC5","CLEVER CULTURE SYSTEMS LIMITED","Health Care Equipment & Services","31/07/2006",47951702
"CC9","CHARIOT RESOURCES LTD","Materials","27/10/2023",15882428
"CCE","CARNEGIE CLEAN ENERGY LIMITED","Utilities","26/10/1993",34656836
"CCL","CUSCAL LIMITED","Financial Services","25/11/2024",939119309
"CCM","CADOUX LIMITED","Materials","20/01/1994",11869363
"CCP","CREDIT CORP GROUP LIMITED","Financial Services","04/09/2000",781407507
"CCV","CASH CONVERTERS INTERNATIONAL","Financial Services","07/02/1997",213456880
"CCX","CITY CHIC COLLECTIVE LIMITED","Consumer Discretionary Distribution & Retail","28/05/1998",16946943
"CD1","CD PRIVATE EQUITY FUND I","Not Applic","14/08/2012",12427401
"CD2","CD PRIVATE EQUITY FUND II","Not Applic","09/04/2013",19942053
"CDA","CODAN LIMITED","Technology Hardware & Equipment","27/11/2003",7204081425
"CDE","CODEIFAI LIMITED","Commercial & Professional Services","07/03/2005",8972295
"CDM","CADENCE CAPITAL LIMITED","Not Applic","05/12/2006",226687152
"CDP","CARINDALE PROPERTY TRUST","Equity Real Estate Investment Trusts (REITs)","28/11/1996",447608322
"CDT","CASTLE MINERALS LIMITED","Materials","02/05/2006",12311083
"CF1","COMPLII FINTECH SOLUTIONS LTD","Software & Services","18/12/2001",13875169
"CGF","CHALLENGER LIMITED","Financial Services","23/12/2003","--"
"CGO","CPT GLOBAL LIMITED","Software & Services","08/09/2000","SUSPENDED"
"CGR","CGN RESOURCES LIMITED","Materials","18/10/2023",7271431
"CGS","COGSTATE LTD","Health Care Equipment & Services","13/02/2004",434324796
"CHI","CHANNEL INFRASTRUCTURE NZ LIMITED","Energy","19/12/2025",1035972908
"CHN","CHALICE MINING LIMITED","Materials","24/03/2006",543352125
"CHR","CHARGER METALS NL","Materials","09/07/2021",8000725
"CHRCB","CHARGER METALS NL","Materials","09/07/2021",8000725
"CHW","CHILWA MINERALS LTD","Materials","05/07/2023",90165605
"CIN","CARLTON INVESTMENTS LIMITED","Not Applic","30/06/1970",869829213
"CIP","CENTURIA INDUSTRIAL REIT","Equity Real Estate Investment Trusts (REITs)","13/12/2012",1848188690
"CIW","CLIME INVESTMENT MANAGEMENT LTD","Financial Services","15/12/2000",25960450
"CKA","COKAL LIMITED","Materials","17/04/2000",53947449
"CKF","COLLINS FOODS LIMITED","Consumer Services","04/08/2011",975802765
"CLA","CELSIUS RESOURCES LIMITED.","Materials","24/03/1988",29777654
"CLG","CLOSE THE LOOP LTD.","Commercial & Professional Services","02/12/2021",17610446
"CLV","CLOVER CORPORATION LIMITED","Materials","30/11/1999",148629413
"CLX","CTI LOGISTICS LIMITED","Transportation","02/12/1987",154516614
"CLZ","CLASSIC MINERALS LTD","Materials","24/05/2013","SUSPENDED"
"CMA","CARMA LIMITED","Consumer Discretionary Distribution & Retail","05/11/2025",92069561
"CMB","CAMBIUM BIO LIMITED","Pharmaceuticals, Biotechnology & Life Sciences","19/09/2013",10796108
"CMD","CASSIUS MINING LIMITED","Materials","10/08/2006",28051664
"CMG","CRITICAL MINERALS GROUP LIMITED","Materials","27/09/2022",10397770
"CMO","COSMO METALS LIMITED","Materials","31/01/2022",6209865
"CMP","COMPUMEDICS LIMITED","Health Care Equipment & Services","21/12/2000",55933291
"CMW","CROMWELL PROPERTY GROUP","Equity Real Estate Investment Trusts (REITs)","22/02/1973",1139207014
"CMX","CHEMX MATERIALS LIMITED","Materials","18/01/2022","SUSPENDED"
"CNI","CENTURIA CAPITAL GROUP","Equity Real Estate Investment Trusts (REITs)","26/03/2002",1460141158
"CNQ","CLEAN TEQ WATER LIMITED","Commercial & Professional Services","02/07/2021",35828440
"COF","CENTURIA OFFICE REIT","Equity Real Estate Investment Trusts (REITs)","10/12/2014",549549977
"COG","COG FINANCIAL SERVICES LIMITED","Financial Services","28/01/2003",322042309
"COH","COCHLEAR LIMITED","Health Care Equipment & Services","04/12/1995",6336501068
"COI","COMET RIDGE LIMITED","Energy","16/04/2004",155537034
"COV","CLEO DIAGNOSTICS LTD","Pharmaceuticals, Biotechnology & Life Sciences","22/08/2023",89644666
"CP8","CANADIAN PHOSPHATE LIMITED","Materials","02/09/2013",60683092
"CPM","COOPER METALS LIMITED","Materials","19/11/2021",5876674
"CPO","CULPEO MINERALS LIMITED","Materials","10/09/2021",8727284
"CPU","COMPUTERSHARE LIMITED.","Commercial & Professional Services","27/05/1994",19555266837
"CQE","CHARTER HALL SOCIAL INFRASTRUCTURE REIT","Equity Real Estate Investment Trusts (REITs)","22/05/2003",938905155
"CQR","CHARTER HALL RETAIL REIT","Equity Real Estate Investment Trusts (REITs)","15/11/1995",2237733995
"CQT","CONNEQT HEALTH LIMITED","Health Care Equipment & Services","09/11/2005",23167221
"CR9","CORELLA RESOURCES LTD","Materials","15/01/2008",19085277
"CRD","CONRAD ASIA ENERGY LTD.","Energy","27/10/2022",92934656
"CRI","CRITICA LIMITED","Materials","22/09/2006",69708540
"CSC","CAPSTONE COPPER CORP.","Materials","02/02/2024",12651764681
"CSL","CSL LIMITED","Pharmaceuticals, Biotechnology & Life Sciences","08/06/1994",47915143499
"CT1","CONSTELLATION TECHNOLOGIES LIMITED","Technology Hardware & Equipment","08/10/1987",2949467
"CTE","CRYOSITE LIMITED","Pharmaceuticals, Biotechnology & Life Sciences","09/05/2002",52226232
"CTO","CITIGOLD CORPORATION LIMITED","Materials","23/12/1993",45000000
"CTP","CENTRAL PETROLEUM LIMITED","Energy","07/03/2006",52693477
"CTQ","CARETEQ LIMITED","Health Care Equipment & Services","10/01/2022",9068162
"CU6","CLARITY PHARMACEUTICALS LTD","Pharmaceuticals, Biotechnology & Life Sciences","25/08/2021",1014481746
"CUE","CUE ENERGY RESOURCES LIMITED","Energy","11/12/1995",87742177
"CUF","CUFE LTD","Materials","13/10/2005",99173842
"CUL","CULLEN RESOURCES LIMITED","Materials","23/11/1988",4853813
"CVB","CURVEBEAM AI LIMITED","Health Care Equipment & Services","23/08/2023",25319918
"CVC","CVC LIMITED","Financial Services","27/06/1985",233272612
"CVN","CARNARVON ENERGY LIMITED","Energy","16/08/1984",214690426
"CVR","CAVALIER RESOURCES LIMITED","Materials","17/06/2022",21718887
"CVV","CARAVEL MINERALS LIMITED","Materials","03/11/2006",164834955
"CVW","CLEARVIEW WEALTH LIMITED","Insurance","11/12/2003",398824136
"CWP","CEDAR WOODS PROPERTIES LIMITED","Real Estate Management & Development","31/08/1994",585321174
"CWY","CLEANAWAY WASTE MANAGEMENT LIMITED","Commercial & Professional Services","03/05/2005",4930661483
"CXO","CORE LITHIUM LTD","Materials","11/02/2011",987224508
"CXU","CAULDRON ENERGY LIMITED","Energy","28/01/2005",93700943
"CXZ","CONNEXION MOBILITY LTD","Software & Services","01/01/1974",16035080
"CYG","COVENTRY GROUP LIMITED","Capital Goods","27/01/1966",51454368
"CYL","CATALYST METALS LIMITED","Materials","26/07/2006",1401274693
"CYM","CYPRIUM METALS LIMITED","Materials","26/04/1985",231231893
"CZR","CZR RESOURCES LTD","Materials","29/08/2006",59859398
"D3E","D3 ENERGY LIMITED","Energy","13/05/2024",55907002
"DAL","DALAROO METALS LTD","Materials","28/09/2021",23114108
"DBO","DIABLO RESOURCES LIMITED","Materials","12/10/2021",5008918
"DCC","DIGITALX LIMITED","Software & Services","06/02/1989",46143836
"DDT","DATADOT TECHNOLOGY LIMITED","Automobiles & Components","12/01/2005",4869676
"DES","DESOTO RESOURCES LIMITED","Materials","16/12/2022",33214269
"DEV","DEVEX RESOURCES LIMITED","Energy","03/10/2000",131364878
"DGH","DESANE GROUP HOLDINGS LIMITED","Real Estate Management & Development","04/09/1987",33546192
"DGL","DGL GROUP LIMITED","Materials","24/05/2021",95550462
"DGR","DGR GLOBAL LIMITED","Materials","21/08/2003",29223487
"DGT","DIGICO INFRASTRUCTURE REIT","Class Pend","13/12/2024",1477856059
"DJW","DJERRIWARRH INVESTMENTS LIMITED","Not Applic","28/06/1995",732820686
"DKM","DUKETON MINING LIMITED","Materials","04/08/2014",14947192
"DME","DOME GOLD MINES LIMITED","Materials","22/10/2013",16375623
"DMP","DOMINO'S PIZZA ENTERPRISES LIMITED","Consumer Services","16/05/2005",1597432161
"DN1","DOMINION INCOME TRUST 1","Not Applic","04/03/2025",346552500
"DNL","DYNO NOBEL LIMITED.","Materials","28/07/2003",6390376320
"DOW","DOWNER EDI LIMITED","Commercial & Professional Services","20/12/1990",5054889513
"DPM","DPM METALS INC.","Materials","18/09/2025",10661558821
"DRE","DREADNOUGHT RESOURCES LTD","Materials","31/10/2006",108778800
"DRX","DIATREME RESOURCES LIMITED","Materials","22/06/2005",85140791
"DSM","DESERT MINERALS LTD","Materials","21/10/2025",9230021
"DTI","DTI GROUP LTD","Technology Hardware & Equipment","09/12/2014",10765234
"DTL","DATA#3 LIMITED","Software & Services","23/12/1997",1291798416
"DUB","DUBBER CORPORATION LIMITED","Software & Services","30/06/2000",27106615
"DUN","DUNDAS MINERALS LIMITED","Materials","10/11/2021",11751259
"DVL","DORSAVI LTD","Pharmaceuticals, Biotechnology & Life Sciences","11/12/2013",48401139
"DXI","DEXUS INDUSTRIA REIT.","Equity Real Estate Investment Trusts (REITs)","03/12/2013",767854337
"DXS","DEXUS","Equity Real Estate Investment Trusts (REITs)","06/10/2004",6574976479
"DYL","DEEP YELLOW LIMITED","Energy","19/12/1985",1512078808
"DYM","DYNAMIC METALS LIMITED","Materials","16/01/2023",32273316
"E25","ELEMENT 25 LIMITED","Materials","09/11/2006",87968856
"E79","E79 GOLD MINES LIMITED","Materials","07/10/2021",10606670
"EBO","EBOS GROUP LIMITED","Health Care Equipment & Services","06/12/2013",3445544240
"EBR","EBR SYSTEMS INC.","Health Care Equipment & Services","24/11/2021",234289827
"ECL","EXCELSIOR CAPITAL LTD","Capital Goods","22/04/1993",26095022
"ECP","ECP EMERGING GROWTH LIMITED","Not Applic","14/08/2014",13784292
"ECS","ECS BOTANICS HOLDINGS LTD","Pharmaceuticals, Biotechnology & Life Sciences","13/03/1986",7980248
"ECT","ENVIRONMENTAL CLEAN TECHNOLOGIES LIMITED.","Commercial & Professional Services","05/02/1986",45769891
"EDE","EDEN INNOVATIONS LTD","Energy","06/06/2006",144838424
"EDU","EDU HOLDINGS LIMITED","Consumer Services","25/06/2004",103035687
"EG1","EVERGOLD MINERALS LIMITED","Materials","11/04/2023",9835945
"EGA","EASTERN GAS CORPORATION LIMITED","Energy","26/02/2026",13500000
"EGG","ENERO GROUP LIMITED","Media & Entertainment","30/04/2004",29035239
"EGH","EUREKA GROUP HOLDINGS LIMITED","Real Estate Management & Development","01/07/2004",250909992
"EGL","ENVIRONMENTAL GROUP LIMITED (THE)","Capital Goods","12/02/1981",76099559
"EGY","ENERGY TECHNOLOGIES LIMITED","Capital Goods","22/10/1992",15553176
"EHL","EMECO HOLDINGS LIMITED","Capital Goods","28/07/2006",541701621
"EL8","ELEVATE URANIUM LTD","Energy","23/10/1985",116492031
"ELD","ELDERS LIMITED","Food, Beverage & Tobacco","30/06/1981",1205370485
"ELT","ELEMENTOS LIMITED","Materials","23/12/2009",162802391
"ELV","ELEVRA LITHIUM LIMITED","Materials","30/03/2004",2355287211
"EMA","EMINENCE MINERALS LIMITED","Materials","13/10/2021",7937077
"EMB","EMBELTON LIMITED","Capital Goods","01/01/1974",17457063
"EMC","EVEREST METALS CORPORATION LTD","Materials","18/10/2006",28319237
"EME","ENERGY METALS LTD","Energy","09/09/2005",17823082
"EMH","EUROPEAN METALS HOLDINGS LIMITED","Materials","19/07/2012",80773360
"EML","EML PAYMENTS LIMITED","Financial Services","18/01/2006",143804866
"EMP","EMPEROR ENERGY LIMITED","Energy","05/06/1987",102508201
"EMR","EMERALD RESOURCES NL","Materials","22/07/1994",3792853345
"ENL","ENLITIC INC.","Health Care Equipment & Services","19/12/2023",6665429
"ENN","ELANOR INVESTORS GROUP","Consumer Services","11/07/2014","SUSPENDED"
"ENR","ENCOUNTER RESOURCES LIMITED","Materials","24/03/2006",139840573
"EOS","ELECTRO OPTIC SYSTEMS HOLDINGS LIMITED","Capital Goods","23/10/2000",1697850834
"EPI","EPIMINDER LIMITED","Health Care Equipment & Services","01/12/2025",88835377
"EQR","EQ RESOURCES LIMITED","Materials","06/06/2006",1192043708
"EQT","EQT HOLDINGS LIMITED","Financial Services","06/08/1985",445825736
"EQU","EQUUS ENERGY LIMITED","Energy","18/12/2025",77764617
"EQX","EQUATORIAL RESOURCES LIMITED","Materials","14/05/1987",19716803
"ERA","ENERGY RESOURCES OF AUSTRALIA LIMITED","Energy","19/11/1980",1216188722
"ERG","ENECO REFRESH LTD","Food, Beverage & Tobacco","29/03/2006",3540659
"ESK","ETHERSTACK PLC","Software & Services","07/09/2012",74358215
"ETM","ENERGY TRANSITION MINERALS LTD","Materials","20/06/2006",138480335
"EV1","EVOLUTION ENERGY MINERALS LIMITED","Materials","16/11/2021",8167281
"EV8","EVERLAST MINERALS LTD.","Materials","23/09/2025",52526002
"EVE","EVE HEALTH GROUP LIMITED.","Financial Services","08/04/2004",8455838
"EVN","EVOLUTION MINING LIMITED","Materials","20/08/2002",23966868396
"EVR","EV RESOURCES LTD","Materials","07/12/1994",21280022
"EVT","EVT LIMITED","Media & Entertainment","30/06/1962",1950269064
"EVZ","EVZ LIMITED","Capital Goods","26/04/1985",67434186
"EWC","ENERGY WORLD CORPORATION LTD","Utilities","08/12/1988",157988978
"EXR","ELIXIR ENERGY LIMITED","Energy","19/07/2004",224269507
"EXT","EXCITE TECHNOLOGY SERVICES LTD","Software & Services","03/01/2007",12962134
"EYE","NOVA EYE MEDICAL LIMITED","Health Care Equipment & Services","12/10/1987",32759853
"EZL","EUROZ HARTLEYS GROUP LIMITED","Financial Services","02/08/1971",183777199
"FAL","FALCON METALS LTD","Materials","22/12/2021",107924405
"FAU","FIRST AU LIMITED","Materials","01/01/1970",27464868
"FBR","FBR LTD","Capital Goods","08/02/2001",27860802
"FBU","FLETCHER BUILDING LIMITED","Capital Goods","26/03/2001",2645881947
"FCG","FREEDOM CARE GROUP HOLDINGS LIMITED","Health Care Equipment & Services","30/11/2023","SUSPENDED"
"FCT","FIRSTWAVE CLOUD TECHNOLOGY LIMITED","Software & Services","11/05/2011",14888166
"FDR","FINDER ENERGY HOLDINGS LIMITED","Energy","08/04/2022",200632684
"FEG","FAR EAST GOLD LTD","Materials","28/03/2022",34867608
"FEL","FORTE ENERGY LIMITED","Energy","30/04/2013",5196023
"FFG","FATFISH GROUP LIMITED","Financial Services","23/11/1995","SUSPENDED"
"FFI","FFI HOLDINGS LIMITED","Food, Beverage & Tobacco","15/01/1987",61138809
"FFM","FIREFLY METALS LTD","Materials","21/09/2005",1460693396
"FGR","FIRST GRAPHENE LIMITED","Materials","08/08/1994",51079952
"FGX","FUTURE GENERATION AUSTRALIA LIMITED","Not Applic","06/03/1997",539546580
"FIN","FIN RESOURCES LIMITED","Materials","02/11/1989",14645073
"FL1","FIRST LITHIUM LIMITED","Materials","21/02/2000","SUSPENDED"
"FLN","FREELANCER LIMITED","Commercial & Professional Services","15/11/2013",58618935
"FLT","FLIGHT CENTRE TRAVEL GROUP LIMITED","Consumer Services","01/12/1995",2036823819
"FMG","FORTESCUE LTD","Materials","19/03/1987",66875118019
"FML","FOCUS MINERALS LTD","Materials","13/09/2000",538730253
"FMN","FAMIEN RESOURCES LIMITED","Materials","08/10/2013",54092519
"FNR","FAR NORTHERN RESOURCES LIMITED","Materials","12/04/2024",8932642
"FPH","FISHER & PAYKEL HEALTHCARE CORPORATION LIMITED","Health Care Equipment & Services","21/11/2001",16215049538
"FPR","FLEETPARTNERS GROUP LIMITED","Financial Services","22/04/2015",605856569
"FRE","FIREBRICK PHARMA LIMITED","Pharmaceuticals, Biotechnology & Life Sciences","28/01/2022",13109033
"FRI","FINBAR GROUP LIMITED","Real Estate Management & Development","05/08/1994",191846815
"FRM","FARM PRIDE FOODS LIMITED","Food, Beverage & Tobacco","19/12/1997",47228623
"FRS","FORRESTANIA RESOURCES LIMITED","Materials","30/09/2021",778308673
"FRW","FREIGHTWAYS GROUP LIMITED","Transportation","14/09/2023",1911665137
"FSA","FSA GROUP LIMITED","Financial Services","11/01/2001",152555617
"FSI","FLAGSHIP INVESTMENTS LIMITED","Not Applic","20/12/2000",33873015
"FUL","FULCRUM LITHIUM LTD","Materials","22/11/2024",13141800
"FUN","FORTUNA METALS LTD","Materials","09/04/2003",32592411
"FWD","FLEETWOOD LIMITED","Consumer Durables & Apparel","15/04/1987",151370097
"FXG","FELIX GOLD LIMITED","Materials","31/01/2022",184147172
"FZR","FITZROY RIVER CORPORATION LTD","Energy","04/03/1998",17812451
"G1C","GROUP ONE CAPITAL LIMITED","Real Estate Management & Development","17/07/1986",26451364
"G50","G50 CORP LIMITED","Materials","06/08/2021",176355772
"G6M","GROUP 6 METALS LIMITED","Materials","21/09/1967","SUSPENDED"
"GA8","GOLDARC RESOURCES LIMITED","Materials","30/06/1986",40111561
"GAP","GALE PACIFIC LIMITED","Consumer Durables & Apparel","14/12/2000",23340287
"GBE","GLOBE METALS & MINING LIMITED","Materials","09/12/2005",84411831
"GC1","GLENNON SMALL COMPANIES LIMITED","Not Applic","21/08/2015",18504202
"GCR","GOLDEN CROSS RESOURCES LTD","Materials","27/03/1996","SUSPENDED"
"GDF","GARDA PROPERTY GROUP","Equity Real Estate Investment Trusts (REITs)","02/07/2015",224100213
"GDI","GDI PROPERTY GROUP","Equity Real Estate Investment Trusts (REITs)","17/12/2013",321194379
"GDM","GREAT DIVIDE MINING LTD","Materials","25/08/2023",24974927
"GDR","GOLDEN DRAGON MINING LTD","Materials","29/10/2025",6865412
"GED","GOLDEN DEEPS LIMITED.","Materials","04/12/1986",9120285
"GFL","GLOBAL MASTERS FUND LIMITED","Not Applic","16/05/2006",31596454
"GG1","GREEN & GOLD MINERALS LIMITED","Materials","08/10/2025",8231586
"GG8","GORILLA GOLD MINES LTD","Materials","28/07/1971",263755103
"GGE","GRAND GULF ENERGY LIMITED","Energy","20/03/1998",7801062
"GGP","GREATLAND RESOURCES LIMITED","Materials","24/06/2025",8709955631
"GGR","GOLDEN GLOBE RESOURCES LTD.","Materials","31/10/2025",29405084
"GHM","GOLDEN HORSE MINERALS LIMITED","Materials","16/12/2024",117140727
"GHY","GOLD HYDROGEN LIMITED","Energy","13/01/2023",72181714
"GLB","GLOBE INTERNATIONAL LIMITED","Consumer Durables & Apparel","24/05/2001",107805927
"GLE","GLG CORP LTD","Consumer Durables & Apparel","14/12/2005",10744500
"GLF","GEMLIFE COMMUNITIES GROUP","Real Estate Management & Development","03/07/2025",1787355771
"GLH","GLOBAL HEALTH LIMITED","Health Care Equipment & Services","04/04/2000",3586467
"GLL","GALILEE ENERGY LIMITED","Energy","15/02/1996",11773373
"GLS","L1 GLOBAL LONG SHORT FUND LIMITED","Not Applic","29/06/1994",963878789
"GMG","GOODMAN GROUP","Equity Real Estate Investment Trusts (REITs)","02/02/2005",63081865161
"GML","GATEWAY MINING LIMITED","Materials","02/08/1971",144014521
"GNC","GRAINCORP LIMITED","Consumer Staples Distribution & Retail","30/03/1998",1047036217
"GNE","GENESIS ENERGY LIMITED","Utilities","17/04/2014",2617736048
"GOW","GOWING BROS LIMITED","Financial Services","31/07/1962",114308547
"GPR","GEOPACIFIC RESOURCES LTD","Materials","09/05/2006",164590362
"GPT","GPT GROUP","Equity Real Estate Investment Trusts (REITs)","01/04/1971",9118148567
"GQG","GQG PARTNERS INC.","Financial Services","26/10/2021",4658871959
"GR8","GREAT DIRT RESOURCES LTD","Materials","10/11/2023",34298944
"GRE","GREENTECH METALS LIMITED","Materials","04/01/2022",25960236
"GRR","GRANGE RESOURCES LIMITED.","Materials","27/03/1986",179387498
"GRV","GREENVALE ENERGY LTD","Energy","28/07/1971",20745746
"GRX","GREENX METALS LIMITED","Materials","06/09/1993",273969502
"GT1","GREEN TECHNOLOGY METALS LIMITED","Materials","10/11/2021",15346471
"GTG","GENETIC TECHNOLOGIES LIMITED","Pharmaceuticals, Biotechnology & Life Sciences","30/07/1987","SUSPENDED"
"GTK","GENTRACK GROUP LIMITED","Software & Services","25/06/2014",367740848
"GUL","GULLEWA LIMITED","Materials","19/06/1980",19851393
"GVF","STAUDE CAPITAL GLOBAL VALUE FUND LIMITED","Not Applic","21/07/2014",266565768
"GW1","GREENWING RESOURCES LTD","Materials","20/10/2005",28394748
"GWA","GWA GROUP LIMITED.","Capital Goods","20/05/1993",554278686
"GWR","GWR GROUP LIMITED","Materials","24/12/2004",34175836
"GYG","GUZMAN Y GOMEZ LIMITED","Consumer Services","20/06/2024",1830309581
"H2G","H2G LIMITED","Commercial & Professional Services","04/12/1980",7646612
"H3E","H3 ENERGY LIMITED","Energy","10/03/2004",8649435
"HAL","HALO TECHNOLOGIES HOLDINGS LTD","Financial Services","26/04/2022",5838791
"HAR","HARANGA RESOURCES LIMITED.","Materials","27/01/2022",48957202
"HAS","HASTINGS TECHNOLOGY METALS LTD","Materials","20/02/2008",95639670
"HAV","HAVILAH RESOURCES LIMITED","Materials","21/03/2002",230082065
"HAW","HAWTHORN RESOURCES LIMITED","Materials","03/07/1986",32831530
"HCD","HYDROCARBON DYNAMICS LIMITED","Energy","21/04/2006","SUSPENDED"
"HCF","H&G HIGH CONVICTION LIMITED","Not Applic","25/10/2022","SUSPENDED"
"HCL","HIGHCOM LIMITED","Capital Goods","15/09/2005",26206207
"HCT","HOLISTA COLLTECH LIMITED","Household & Personal Products","26/02/2004",26116240
"HCW","HEALTHCO HEALTHCARE AND WELLNESS REIT","Equity Real Estate Investment Trusts (REITs)","06/09/2021",365866986
"HFR","HIGHFIELD RESOURCES LIMITED","Materials","07/02/2012",16592697
"HGO","HILLGROVE RESOURCES LIMITED","Materials","22/07/1994",146805962
"HHR","HARTSHEAD RESOURCES NL","Energy","14/02/2012",37917209
"HIT","HITECH GROUP AUSTRALIA LIMITED","Commercial & Professional Services","17/04/2000",36589500
"HLI","HELIA GROUP LIMITED","Financial Services","20/05/2014",1376319992
"HLO","HELLOWORLD TRAVEL LIMITED","Consumer Services","13/09/2000",232425836
"HLS","HEALIUS LIMITED","Health Care Equipment & Services","03/07/1998",257785316
"HLX","HELIX RESOURCES LIMITED","Materials","22/05/1986",5346291
"HMC","HMC CAPITAL LIMITED","Financial Services","14/10/2019",1163576361
"HMG","HAMELIN GOLD LIMITED","Materials","05/11/2021",22804911
"HMX","HAMMER METALS LIMITED","Materials","25/02/2003",31246555
"HPC","THE HYDRATION PHARMACEUTICALS COMPANY LIMITED","Household & Personal Products","14/12/2021",1292403
"HRE","HEAVY RARE EARTHS LIMITED","Materials","24/08/2022",5616915
"HSN","HANSEN TECHNOLOGIES LIMITED","Software & Services","01/06/2000",995102694
"HT8","HARRIS TECHNOLOGY GROUP LIMITED","Transportation","24/06/1999",3947582
"HTG","HARVEST TECHNOLOGY GROUP LTD","Technology Hardware & Equipment","12/05/2016",13248149
"HTM","HIGH-TECH METALS LTD","Materials","23/01/2023",26846355
"HVN","HARVEY NORMAN HOLDINGS LIMITED","Consumer Discretionary Distribution & Retail","03/09/1987",5519809477
"HVY","HEAVY MINERALS LIMITED","Materials","14/09/2021",36609632
"HYD","HYDRIX LIMITED","Technology Hardware & Equipment","11/05/2001",3818764
"HYT","HYTERRA LTD","Energy","14/12/2005",27764792
"HZN","HORIZON OIL LIMITED","Energy","30/06/1981",366207413
"I88","INFINI RESOURCES LIMITED","Materials","15/01/2024",17313158
"IAG","INSURANCE AUSTRALIA GROUP LIMITED","Insurance","08/08/2000",19054316111
"IAM","INCOME ASSET MANAGEMENT GROUP LIMITED.","Financial Services","14/01/1987",16755675
"IBC","IRONBARK BALANCED INCOME LIMITED","Not Applic","02/04/1987",43924606
"IBR","IRON BEAR RESOURCES LTD","Materials","07/06/2001",69693955
"IBX","IMAGION BIOSYSTEMS LIMITED","Health Care Equipment & Services","22/06/2017",6377673
"ICU","INVESTOR CENTRE LIMITED","Financial Services","31/07/2006","SUSPENDED"
"IDA","INDIANA RESOURCES LIMITED","Materials","17/07/1986",18038509
"IDT","IDT AUSTRALIA LIMITED","Pharmaceuticals, Biotechnology & Life Sciences","18/02/1991",15387321
"IEQ","INTERNATIONAL EQUITIES CORPORATION LIMITED.","Real Estate Management & Development","11/03/1993",5128943
"IFG","INFOCUS GROUP HOLDINGS LIMITED","Software & Services","10/08/2004",4025774
"IFN","INFRAGREEN GROUP LIMITED","Commercial & Professional Services","25/06/2025",83558674
"IG6","INTERNATIONAL GRAPHITE LIMITED","Capital Goods","07/04/2022",8629939
"IGN","IGNITE LIMITED","Commercial & Professional Services","16/01/1997",9841423
"IGO","IGO LIMITED","Materials","17/01/2002",6868419064
"IIQ","INOVIQ LTD","Health Care Equipment & Services","18/04/1991",45400085
"ILT","ILTANI RESOURCES LIMITED.","Materials","30/06/2023",37665529
"ILU","ILUKA RESOURCES LIMITED","Materials","30/06/1962",3298641742
"IMA","IMAGE RESOURCES NL","Materials","04/07/2002",40475064
"IMB","INTELLIGENT MONITORING GROUP LIMITED","Commercial & Professional Services","03/03/1994",238854220
"IMC","IMMURON LIMITED","Pharmaceuticals, Biotechnology & Life Sciences","30/04/1999",10452915
"IMD","IMDEX LIMITED","Materials","24/09/1987",2062722539
"IMI","INFINITY MINING LIMITED","Materials","22/12/2021",3919287
"IMM","IMMUTEP LIMITED","Pharmaceuticals, Biotechnology & Life Sciences","23/06/1988",88423278
"IMU","IMUGENE LIMITED","Pharmaceuticals, Biotechnology & Life Sciences","24/11/1993",39920164
"INA","INGENIA COMMUNITIES GROUP","Equity Real Estate Investment Trusts (REITs)","01/07/2004",1569195566
"IND","INDUSTRIAL MINERALS LTD","Materials","13/07/2021",14045150
"INV","INVESTSMART GROUP LIMITED","Financial Services","21/04/2005",19188784
"IOD","IODM LIMITED","Software & Services","18/11/2003",88852313
"ION","IONDRIVE LIMITED","Materials","21/04/2005",27219033
"IOV","ION VIDEO LTD","Software & Services","26/07/2011",48135781
"IPC","IMPERIAL PACIFIC LIMITED","Financial Services","28/07/1971",10873506
"IPG","IPD GROUP LTD","Capital Goods","17/12/2021",564612057
"IPT","IMPACT MINERALS LIMITED","Materials","29/11/2006",26872757
"IR1","IRIS METALS LIMITED","Materials","23/09/2021",18804143
"IRE","IRESS LIMITED","Software & Services","03/11/2000",1059096318
"IRI","INTEGRATED RESEARCH LIMITED","Software & Services","13/12/2000",54177541
"ITM","ITECH MINERALS LTD","Materials","21/10/2021",8360989
"ITS","INFOTRUST LTD","Software & Services","22/10/1999",78340037
"IVG","INVERT GRAPHITE LIMITED","Pharmaceuticals, Biotechnology & Life Sciences","19/03/2004",10481880
"IVZ","INVICTUS ENERGY LTD","Energy","19/01/2012",97587499
"IXR","IONIC RARE EARTHS LIMITED","Materials","10/12/1999",76850020
"JAN","JANISON EDUCATION GROUP LIMITED","Software & Services","12/09/2000",29887149
"JBH","JB HI-FI LIMITED","Consumer Discretionary Distribution & Retail","23/10/2003",7866579933
"JCS","JCURVE SOLUTIONS LTD","Software & Services","08/12/2000",11627333
"JDO","JUDO CAPITAL HOLDINGS LIMITED","Banks","01/11/2021",1569798160
"JGH","JADE GAS HOLDINGS LIMITED","Materials","13/02/1995",135669902
"JHX","JAMES HARDIE INDUSTRIES PLC","Materials","15/10/2001",16243277213
"JIN","JUMBO INTERACTIVE LIMITED","Consumer Services","14/06/1972",445206589
"JLL","JINDALEE LITHIUM LIMITED","Materials","11/07/2002",44704375
"JNS","JANUS ELECTRIC HOLDINGS LIMITED","Utilities","12/09/2002",27503372
"JPR","JUPITER ENERGY LIMITED","Energy","12/11/2003",32038805
"JYC","JOYCE CORPORATION LTD","Consumer Discretionary Distribution & Retail","17/12/1986",162926672
"KAL","KALGOORLIE GOLD MINING LIMITED","Materials","17/11/2021",14131975
"KAO","KAOKO METALS LIMITED","Materials","07/05/2026",27882900
"KAR","KAROON ENERGY LTD","Energy","08/06/2004",1478703179
"KAT","KATANA CAPITAL LIMITED","Not Applic","23/12/2005",42745809
"KBC","KEYBRIDGE CAPITAL LIMITED","Financial Services","23/12/1999","SUSPENDED"
"KCC","KINCORA COPPER LIMITED","Materials","30/03/2021",43053763
"KCN","KINGSGATE CONSOLIDATED LIMITED.","Materials","21/04/1988",1596288966
"KGL","KGL RESOURCES LIMITED","Materials","17/03/2005",219846001
"KIT","KAPSTREAM INVESTMENT TRUST","Class Pend","30/03/2026",197312598
"KLI","KILLI RESOURCES LIMITED","Materials","10/02/2022","SUSPENDED"
"KLR","KAILI RESOURCES LIMITED","Energy","06/03/1997",12971232
"KLS","KELSIAN GROUP LIMITED","Transportation","16/10/2013",1113792437
"KLV","KLEVO REWARDS LIMITED","Commercial & Professional Services","11/02/2022",90621933
"KM1","KALI METALS LIMITED","Materials","08/01/2024",30910882
"KME","KIP MCGRATH EDUCATION CENTRES LIMITED","Consumer Services","15/08/2003",30065168
"KNB","KOONENBERRY GOLD LIMITED","Materials","28/09/2021",26713960
"KNG","KINGSLAND MINERALS LTD","Materials","14/06/2022",6434009
"KNI","KUNIKO LIMITED","Materials","24/08/2021",6956870
"KOA","THE KOALA COMPANY LIMITED","Consumer Discretionary Distribution & Retail","31/03/2026",275439112
"KOB","KOBA RESOURCES LIMITED","Materials","04/05/2022",9712834
"KOR","KORAB RESOURCES LIMITED","Materials","31/08/2005","SUSPENDED"
"KOV","KORVEST LTD","Capital Goods","17/09/1970",191782015
"KPO","KALINA POWER LIMITED","Utilities","02/08/1971",41062290
"KSC","K & S CORPORATION LIMITED","Transportation","25/08/1971",429700560
"KSN","KINGSTON RESOURCES LIMITED","Materials","05/03/1987",69880145
"KTA","KRAKATOA RESOURCES LIMITED","Materials","28/12/2012",6061305
"KYP","KINATICO LTD","Software & Services","08/09/2015",70014717
"L1M","LIGHTNING MINERALS LTD","Materials","22/11/2022",6101223
"LAM","LARAMIDE RESOURCES LTD","Energy","30/04/2013",204206658
"LAU","LINDSAY AUSTRALIA LIMITED","Transportation","05/07/1994",203269615
"LCE","LONDON CITY EQUITIES LIMITED","Financial Services","06/03/1987",26980953
"LDR","LODE RESOURCES LTD","Materials","02/07/2021",23256471
"LDX","LUMOS DIAGNOSTICS HOLDINGS LIMITED","Health Care Equipment & Services","05/07/2021",111505336
"LEG","LEGEND MINING LIMITED","Materials","25/08/1995",23315817
"LEX","LEFROY EXPLORATION LIMITED","Materials","05/09/1991",31052517
"LF1","LA TROBE PRIVATE CREDIT FUND","Not Applic","27/06/2025",261448549
"LGF","L1 GOLD FUND LIMITED","Not Applic","24/04/2026",945250002
"LGI","LGI LIMITED","Utilities","04/10/2022",361006556
"LGM","LEGACY MINERALS HOLDINGS LIMITED","Materials","13/09/2021",24514116
"LIB","LIBERTY METALS LTD","Materials","20/11/2003",32804875
"LIC","LIFESTYLE COMMUNITIES LIMITED","Real Estate Management & Development","15/12/1998",596526265
"LIN","LINDIAN RESOURCES LIMITED","Materials","02/03/2000",1225695591
"LIO","LION ENERGY LIMITED","Energy","15/02/1972",6782516
"LIS","LI-S ENERGY LIMITED","Capital Goods","28/09/2021",80025029
"LKE","LAKE RESOURCES N.L.","Materials","29/08/2001",169715278
"LKO","LAKES BLUE ENERGY NL","Energy","05/12/1985",33775906
"LKY","LOCKSLEY RESOURCES LIMITED","Materials","08/07/2021",41250359
"LLC","LENDLEASE GROUP","Real Estate Management & Development","30/06/1962",2065764643
"LLM","LOYAL METALS LTD","Materials","06/07/2021",65091370
"LM1","LEEUWIN METALS LTD","Materials","29/03/2023",20522781
"LMG","LATROBE MAGNESIUM LIMITED","Materials","18/12/1986",56324463
"LMS","LITCHFIELD MINERALS LIMITED","Materials","15/03/2024",32745530
"LNQ","LINQ MINERALS LIMITED","Materials","27/06/2025",74855430
"LNW","LIGHT & WONDER INC.","Consumer Services","22/05/2023",9454701218
"LPM","LITHIUM PLUS MINERALS LTD.","Materials","26/04/2022",17749100
"LRD","LORD RESOURCES LIMITED","Materials","07/04/2022",3540041
"LRK","LARK DISTILLING CO. LTD","Food, Beverage & Tobacco","12/11/2003",88594551
"LRV","LARVOTTO RESOURCES LIMITED","Materials","06/12/2021",647752150
"LSA","LACHLAN STAR LIMITED","Materials","28/07/1971",62614943
"LSX","LION SELECTION GROUP LIMITED.","Not Applic","13/03/2013",121042849
"LTP","LTR PHARMA LIMITED","Pharmaceuticals, Biotechnology & Life Sciences","11/12/2023",70893258
"LTR","LIONTOWN LIMITED","Materials","27/12/2006",7152999629
"LVE","LOVE GROUP GLOBAL LTD","Software & Services","05/12/2014",4256088
"LYC","LYNAS RARE EARTHS LIMITED","Materials","11/09/1986",18690752873
"LYL","LYCOPODIUM LIMITED","Capital Goods","17/12/2004",501919054
"M2M","MT MALCOLM MINES NL","Materials","10/09/2021",3614941
"M4M","MACRO METALS LIMITED","Materials","16/01/1987",27453784
"M79","MAMMOTH MINERALS LIMITED","Materials","13/04/2022",32416953
"M7T","MACH7 TECHNOLOGIES LIMITED","Health Care Equipment & Services","30/11/2005",77553205
"MA1","MA CREDIT INCOME TRUST","Not Applic","05/03/2025",553636710
"MAH","MACMAHON HOLDINGS LIMITED","Materials","01/12/1983",1853287803
"MAN","MANDRAKE RESOURCES LIMITED","Materials","29/05/1987",12545198
"MAP","MICROBA LIFE SCIENCES LIMITED","Health Care Equipment & Services","05/04/2022",46890154
"MAQ","MACQUARIE TECHNOLOGY GROUP LIMITED","Software & Services","27/09/1999",1907513905
"MAT","MATSA RESOURCES LIMITED","Materials","20/04/2005",72836413
"MAY","MELBANA ENERGY LIMITED","Energy","27/03/1998",26473782
"MBG","MB GOLD LIMITED","Materials","06/02/2026",11360126
"MBH","MAGGIE BEER HOLDINGS LTD","Food, Beverage & Tobacco","27/08/2004",34047160
"MBK","METAL BANK LIMITED","Materials","02/03/2011",12619044
"MC2","MARIMACA COPPER CORP.","Materials","02/04/2025",1147284177
"MCM","MC MINING LIMITED","Energy","24/04/1980",253477561
"MCO","MYECO GROUP LTD","Materials","21/11/1996",13279421
"MCP","MCPHERSON'S LIMITED","Household & Personal Products","30/06/1962",17993643
"MCY","MERCURY NZ LIMITED","Utilities","10/05/2013",8122733409
"MDX","MINDAX LIMITED","Materials","08/12/2004",42537934
"MEI","METEORIC RESOURCES NL","Materials","16/07/2004",537724478
"MEK","MEEKA METALS LIMITED","Materials","21/12/1999",353506583
"MEL","METGASCO LTD","Energy","23/12/2004",514392
"MEX","MINERALS EXPLORATION LIMITED","Materials","07/06/2022",13437095
"MEZ","MERIDIAN ENERGY LIMITED","Utilities","29/10/2013",12872183364
"MFG","MAGELLAN FINANCIAL GROUP LIMITED","Financial Services","01/07/2004",1605047417
"MGA","METALSGROVE MINING LTD","Materials","06/07/2022",15145333
"MGL","MAGONTEC LIMITED","Materials","07/07/1983",14773376
"MGR","MIRVAC GROUP","Equity Real Estate Investment Trusts (REITs)","16/06/1999",6727691670
"MGT","MAGNETITE MINES LIMITED.","Materials","06/04/2006",6584001
"MGU","MAGNUM MINING AND EXPLORATION LIMITED","Materials","23/04/1987",19278223
"MGX","MGX RESOURCES LIMITED","Materials","12/02/1976",413150057
"MHM","MOUNT HOPE MINING LIMITED","Materials","20/12/2024",5688000
"MI6","MINERALS 260 LIMITED","Materials","12/10/2021",1803179043
"MIN","MINERAL RESOURCES LIMITED","Materials","28/07/2006",13687979576
"MIR","MIRRABOOKA INVESTMENTS LIMITED","Not Applic","28/06/2001",557408317
"ML8","MOONLIGHT RESOURCES LTD","Materials","11/12/2025",15994083
"MLS","METALS AUSTRALIA LTD","Materials","23/01/1986",16463689
"MLX","METALS X LIMITED","Materials","26/08/2004",1431522334
"MM1","MIDAS MINERALS LTD","Materials","07/09/2021",236476378
"MMA","MARONAN METALS LIMITED","Materials","29/04/2022",88006471
"MML","MCLAREN MINERALS LIMITED","Materials","02/05/2022",6823726
"MMR","MEC RESOURCES LIMITED","Energy","29/05/2006",9359949
"MMS","MCMILLAN SHAKESPEARE LIMITED","Commercial & Professional Services","15/03/2004",1288395944
"MNC","MERINO & CO. LIMITED","Consumer Durables & Apparel","30/10/2024",9240821
"MND","MONADELPHOUS GROUP LIMITED","Capital Goods","28/03/1991",2938729540
"MNE","MACALLUM NEW ENERGY LIMITED","Energy","25/02/2026",23769969
"MOM","MOAB MINERALS LIMITED","Materials","15/01/1987",3023553
"MOV","MOVE LOGISTICS GROUP LIMITED","Transportation","01/07/2022",19142103
"MPK","MANY PEAKS MINERALS LTD","Materials","16/03/2022",127690625
"MPL","MEDIBANK PRIVATE LIMITED","Insurance","25/11/2014",13356915714
"MPP","METRO PERFORMANCE GLASS LIMITED","Capital Goods","30/07/2014",19673171
"MPR","MPR AUSTRALIA LIMITED","Financial Services","01/01/1974","SUSPENDED"
"MPW","METAL POWDER WORKS LIMITED","Capital Goods","01/11/2012",342071925
"MQG","MACQUARIE GROUP LIMITED","Financial Services","05/11/2007",91545635899
"MRC","MINERAL COMMODITIES LTD","Materials","14/08/1981","SUSPENDED"
"MRD","MOUNT RIDLEY MINES LIMITED","Materials","15/09/2004",37194041
"MRE","METRICS REAL ESTATE MULTI-STRATEGY FUND","Not Applic","16/10/2024",287690885
"MRQ","MRG METALS LIMITED","Materials","08/06/2011",8956203
"MRR","MINREX RESOURCES LIMITED","Materials","11/11/2011",34216695
"MRT","MARITANA MINERALS LIMITED","Materials","06/02/1992",262154700
"MSB","MESOBLAST LIMITED","Pharmaceuticals, Biotechnology & Life Sciences","16/12/2004",2679848446
"MSI","MULTISTACK INTERNATIONAL LIMITED","Capital Goods","11/02/1993",545216
"MTH","MITHRIL SILVER AND GOLD LIMITED","Materials","18/11/2002",53419761
"MTL","MANTLE MINERALS LIMITED","Materials","11/07/2000",7233115
"MTS","METCASH LIMITED","Consumer Staples Distribution & Retail","08/04/2005",3288181209
"MVF","MONASH IVF GROUP LIMITED","Health Care Equipment & Services","26/06/2014",278588911
"MVP","MEDICAL DEVELOPMENTS INTERNATIONAL LIMITED","Pharmaceuticals, Biotechnology & Life Sciences","15/12/2003",45063330
"MXI","MAXIPARTS LIMITED","Capital Goods","07/12/1994",88905531
"MYG","MAYFIELD GROUP HOLDINGS LIMITED","Capital Goods","30/10/1986",332331663
"NAB","NATIONAL AUSTRALIA BANK LIMITED","Banks","31/01/1962",115526077925
"NAC","NAOS EX-50 OPPORTUNITIES COMPANY LIMITED","Not Applic","12/11/2014",26789919
"NAE","NEW AGE EXPLORATION LIMITED","Energy","18/02/1994",6427679
"NAG","NAGAMBIE RESOURCES LIMITED","Materials","23/06/2006",13907240
"NC1","NICO RESOURCES LIMITED","Materials","19/01/2022",23939004
"NCC","NAOS EMERGING OPPORTUNITIES COMPANY LIMITED","Not Applic","26/02/2013",31364830
"NCK","NICK SCALI LIMITED","Consumer Discretionary Distribution & Retail","26/05/2004",1170915269
"NDO","NIDO EDUCATION LIMITED","Consumer Services","16/10/2023",70347954
"NEC","NINE ENTERTAINMENT CO. HOLDINGS LIMITED","Media & Entertainment","06/12/2013",1490616396
"NEM","NEWMONT CORPORATION","Materials","27/10/2023",159908762522
"NEU","NEUREN PHARMACEUTICALS LIMITED","Pharmaceuticals, Biotechnology & Life Sciences","03/02/2005",1648484539
"NFL","NORFOLK METALS LIMITED","Materials","22/03/2022","SUSPENDED"
"NGI","NAVIGATOR GLOBAL INVESTMENTS LIMITED","Financial Services","28/04/2006",1334651696
"NGX","NGX LIMITED","Materials","16/06/2023",9061184
"NHC","NEW HOPE CORPORATION LIMITED","Energy","16/09/2003",4615438605
"NHE","NOBLE HELIUM LIMITED","Energy","08/04/2022",30973154
"NIM","NIMY RESOURCES LIMITED","Materials","22/11/2021",20677417
"NMG","NEW MURCHISON GOLD LIMITED","Materials","22/03/2001",467162389
"NMT","NEOMETALS LTD","Materials","10/07/2002",31494082
"NNL","NORDIC RESOURCES LTD","Materials","01/06/2022",71449114
"NOL","NOBLEOAK LIFE LIMITED","Insurance","22/07/2021",114890400
"NOU","NOUMI LIMITED","Food, Beverage & Tobacco","07/11/1985",27710932
"NRZ","NEURIZER LTD","Materials","17/03/2005","SUSPENDED"
"NSC","NAOS SMALL CAP OPPORTUNITIES COMPANY LIMITED","Not Applic","25/03/2004",44880440
"NST","NORTHERN STAR RESOURCES LTD","Materials","17/12/2003",27080551569
"NTM","NT MINERALS LIMITED","Materials","22/12/1993","SUSPENDED"
"NTU","NORTHERN MINERALS LIMITED","Materials","15/11/2006",257809703
"NUF","NUFARM LIMITED","Materials","10/11/1988",902761728
"NUZ","NEURIZON THERAPEUTICS LIMITED","Pharmaceuticals, Biotechnology & Life Sciences","05/10/2001",49254092
"NVA","NOVA MINERALS LIMITED","Materials","11/06/1987",297767623
"NVO","NOVO RESOURCES CORP.","Materials","11/09/2023",28957453
"NWS","NEWS CORPORATION..","Media & Entertainment","19/06/2013",22792960334
"NWSLV","NEWS CORPORATION..","Media & Entertainment","19/06/2013",22792960334
"NXG","NEXGEN ENERGY (CANADA) LTD","Energy","02/07/2021",9835602496
"NXN","NEXSEN LIMITED","Pharmaceuticals, Biotechnology & Life Sciences","14/10/2025",51050031
"NYM","NARRYER METALS LIMITED","Materials","14/04/2022",12218200
"OB1","ORBMINCO LIMITED","Materials","15/09/2005",7683044
"OBL","OMNI BRIDGEWAY LIMITED","Financial Services","28/01/2000",488047137
"OBM","ORA BANDA MINING LTD","Materials","29/10/2002",2495754847
"OCC","ORTHOCELL LIMITED","Pharmaceuticals, Biotechnology & Life Sciences","12/08/2014",213719105
"OCL","OBJECTIVE CORPORATION LIMITED","Software & Services","17/08/2000",1006914288
"OCN","OCEANA METALS LIMITED","Materials","01/07/2022",101891757
"OCT","OCTAVA MINERALS LIMITED","Materials","16/09/2022",3585472
"OD6","OD6 METALS LIMITED","Materials","22/06/2022",40718559
"ODA","ORCODA LIMITED","Software & Services","15/09/1986",8063111
"ODE","ODESSA MINERALS LIMITED","Materials","03/07/1986",43093220
"ODY","ODYSSEY GOLD LTD","Materials","30/11/2005",49448732
"OEL","OTTO ENERGY LIMITED","Energy","22/12/2004",28770059
"OEQ","ORION EQUITIES LIMITED","Financial Services","19/11/1970",3208092
"OFX","OFX GROUP LIMITED","Financial Services","11/10/2013",129777014
"OIL","OPTISCAN IMAGING LIMITED","Health Care Equipment & Services","08/08/1997",109638546
"OLH","OLDFIELDS HOLDINGS LIMITED","Capital Goods","15/06/1960","SUSPENDED"
"OM1","OMNIA METALS GROUP LTD","Materials","02/03/2022",7177647
"OMA","OMEGA OIL & GAS LIMITED","Energy","25/10/2022",390780064
"OMH","OM HOLDINGS LIMITED","Materials","12/03/1998",191564200
"OMX","ORANGE MINERALS NL","Materials","08/12/2021",11373728
"OPT","OPTHEA LIMITED","Pharmaceuticals, Biotechnology & Life Sciences","18/04/1991","SUSPENDED"
"OR3","ORE RESOURCES LIMITED","Materials","01/09/2011",70333334
"ORD","ORDELL MINERALS LIMITED","Materials","19/07/2024",44354603
"ORE","OREZONE GOLD CORPORATION","Materials","08/08/2025",1587383552
"ORG","ORIGIN ENERGY LIMITED","Utilities","13/07/1961",19122499148
"ORI","ORICA LIMITED","Materials","28/11/1961",10620216357
"ORN","ORION MINERALS LTD","Materials","31/10/2003","--"
"ORP","ORPHEUS URANIUM LIMITED","Materials","23/01/1986",24296377
"OSL","ONCOSIL MEDICAL LTD","Pharmaceuticals, Biotechnology & Life Sciences","15/08/2005",15655588
"OSM","OSMOND RESOURCES LIMITED","Materials","22/04/2022",64873121
"OZZ","OZZ RESOURCES LIMITED","Materials","05/07/2021","SUSPENDED"
"P1E","PURE ONE CORPORATION LIMITED","Energy","12/03/2013",24853216
"PAC","PACIFIC CURRENT GROUP LIMITED","Financial Services","25/09/1987",304336768
"PAT","PATRIOT RESOURCES LIMITED","Materials","09/12/2022",27265381
"PBL","PARABELLUM RESOURCES LIMITED","Materials","29/11/2021",4984000
"PC2","PC GOLD LTD","Materials","21/10/2025",386895614
"PCG","PENGANA CAPITAL GROUP LIMITED","Financial Services","28/02/2001",75360498
"PCK","PAINCHEK LTD","Health Care Equipment & Services","01/05/2012",27170951
"PCL","PANCONTINENTAL ENERGY NL","Energy","11/09/1986",107719043
"PCX","PENGANA GLOBAL PRIVATE CREDIT TRUST","Not Applic","21/06/2024",226175990
"PDN","PALADIN ENERGY LTD","Energy","29/03/1994",4695795499
"PEB","PACIFIC EDGE LIMITED","Pharmaceuticals, Biotechnology & Life Sciences","27/09/2021",263703628
"PEC","PERPETUAL RESOURCES LIMITED","Materials","28/02/2013",13365877
"PEN","PENINSULA ENERGY LIMITED","Energy","26/05/1994",204301908
"PER","PERCHERON THERAPEUTICS LIMITED","Pharmaceuticals, Biotechnology & Life Sciences","20/12/2001",6089651
"PET","PHOSLOCK ENVIRONMENTAL TECHNOLOGIES LIMITED","Commercial & Professional Services","16/08/2002",4995124
"PFE","PANTERA MINERALS LIMITED","Materials","05/08/2021",8870005
"PFG","PRIME FINANCIAL GROUP LIMITED","Financial Services","07/12/2004",57641991
"PFT","PURE FOODS TASMANIA LIMITED","Food, Beverage & Tobacco","19/12/2005",6347066
"PGC","PARAGON CARE LIMITED","Health Care Equipment & Services","15/10/1999",231742754
"PGF","PM CAPITAL GLOBAL OPPORTUNITIES FUND LIMITED","Not Applic","12/12/2013",1388557075
"PGL","PILBARA GOLD LIMITED","Materials","30/05/1973",118362734
"PGM","PLATINA RESOURCES LIMITED","Materials","29/05/2006",14188467
"PGO","PACGOLD LIMITED","Materials","08/07/2021",49784915
"PGY","PILOT ENERGY LIMITED","Energy","20/04/2006","SUSPENDED"
"PHX","PHARMX TECHNOLOGIES LIMITED","Software & Services","28/07/1971",72540321
"PIA","PENGANA INTERNATIONAL EQUITIES LIMITED","Not Applic","19/03/2004",326082285
"PIC","PERPETUAL EQUITY INVESTMENT COMPANY LIMITED","Not Applic","18/12/2014",441127746
"PIM","PINNACLE MINERALS LIMITED","Materials","23/03/2022",4964927
"PIQ","PROTEOMICS INTERNATIONAL LABORATORIES LTD","Pharmaceuticals, Biotechnology & Life Sciences","16/04/2015",23951680
"PKO","PEAKO LIMITED","Materials","02/12/2009",9670323
"PKY","PATHKEY.AI LTD","Software & Services","07/03/1996",25497266
"PL3","PATAGONIA LITHIUM LTD","Materials","31/03/2023",23812537
"PL9","PRAIRIE LITHIUM LIMITED","Materials","08/07/1971",39062201
"PLG","PEARL GULL IRON LIMITED","Materials","20/09/2021","SUSPENDED"
"PME","PRO MEDICUS LIMITED","Health Care Equipment & Services","10/10/2000",13420211447
"PMM","PIONEER MINERALS LIMITED","Materials","28/09/2023",10904339
"PMT","PMET RESOURCES INC.","Materials","07/12/2022",1213154488
"PMV","PREMIER INVESTMENTS LIMITED","Consumer Discretionary Distribution & Retail","15/12/1987",1852190189
"PNC","PIONEER CREDIT LIMITED","Financial Services","01/05/2014",90003953
"PNN","POWER MINERALS LIMITED","Materials","15/04/2005",42274942
"PNT","PANTHER METALS LTD","Materials","10/12/2021",2858609
"PNV","POLYNOVO LIMITED","Health Care Equipment & Services","26/11/1998",784106795
"PPC","PEET LIMITED","Real Estate Management & Development","05/08/2004",739691150
"PPG","PRO-PAC PACKAGING LIMITED","Materials","27/04/2005","SUSPENDED"
"PPK","PPK GROUP LIMITED","Materials","21/12/1994",28605937
"PPM","PEPPER MONEY LIMITED","Financial Services","25/05/2021",747948295
"PPS","PRAEMIUM LIMITED","Software & Services","11/05/2006",336355983
"PPT","PERPETUAL LIMITED","Financial Services","24/06/1964",1881645366
"PPY","PAPYRUS AUSTRALIA LIMITED","Materials","15/04/2005",8874344
"PR1","PURE RESOURCES LIMITED","Materials","21/04/2022",27185800
"PR2","PICHE RESOURCES LIMITED","Not Applic","15/07/2024",4839163
"PRG","PRL GLOBAL LTD","Materials","24/07/1987","--"
"PRN","PERENTI LIMITED","Materials","06/01/1994",1957017647
"PRO","PROPHECY INTERNATIONAL HOLDINGS LIMITED","Software & Services","22/04/1998",5638705
"PRU","PERSEUS MINING LIMITED","Materials","22/09/2004",7055100339
"PRX","PRODIGY GOLD NL","Materials","21/08/1986",25282003
"PSL","PATERSON RESOURCES LTD","Materials","18/10/2006",29620477
"PTL","PRESTAL HOLDINGS LIMITED","Household & Personal Products","29/08/2000",6136542
"PTN","PATRONUS RESOURCES LIMITED","Materials","02/10/2013",82839222
"PTR","PTR MINERALS LTD","Materials","27/07/2004",41481801
"PTX","PRESCIENT THERAPEUTICS LIMITED","Pharmaceuticals, Biotechnology & Life Sciences","19/12/1986",75709047
"PV1","PROVARIS ENERGY LTD","Energy","21/03/2005",10414922
"PVE","PO VALLEY ENERGY LIMITED","Energy","14/12/2004",69537697
"PXX","POLARX LIMITED","Materials","21/12/2012",49050347
"PYC","PYC THERAPEUTICS LIMITED","Pharmaceuticals, Biotechnology & Life Sciences","30/03/2005",1283481133
"QAL","QUALITAS LIMITED","Real Estate Management & Development","16/12/2021",871116854
"QAN","QANTAS AIRWAYS LIMITED","Transportation","31/07/1995",13179965720
"QBE","QBE INSURANCE GROUP LIMITED","Insurance","28/06/1973",35692244541
"QGL","QUANTUM GRAPHITE LIMITED","Materials","06/01/2014",133222067
"QUE","QUESTE COMMUNICATIONS LIMITED","Financial Services","11/11/1998",1516051
"R8R","REGENER8 RESOURCES NL","Materials","08/07/2022",9311781
"RAD","RADIOPHARM THERANOSTICS LIMITED","Pharmaceuticals, Biotechnology & Life Sciences","25/11/2021",70884323
"RAG","RAGNAR METALS LIMITED","Materials","31/03/2005",13189213
"RAP","RAPTOR METALS LTD","Materials","25/10/2021",26146849
"RAU","RESOURO STRATEGIC METALS INC.","Materials","14/06/2024",32343015
"RB6","RUBIX RESOURCES LIMITED","Materials","23/12/2021",7988500
"RBX","RESOURCE BASE LIMITED.","Materials","12/07/2021",4837748
"RC1","REDCASTLE RESOURCES LIMITED","Materials","21/03/2003",16206691
"RCM","RAPID CRITICAL METALS LIMITED","Materials","15/12/2021",46645049
"RCT","REEF CASINO TRUST","Consumer Services","11/02/1994",169323522
"RDM","RED METAL LIMITED","Materials","27/10/2003",47943079
"RDN","RAIDEN RESOURCES LIMITED","Materials","12/03/1987",10352674
"RDS","REDSTONE RESOURCES LIMITED","Materials","03/08/2006",4304936
"RDX","REDOX LIMITED","Capital Goods","03/07/2023",1548990213
"REA","REA GROUP LTD","Media & Entertainment","01/12/1999",20861720713
"REC","RECHARGE METALS LIMITED","Materials","11/10/2021",31353894
"REG","REGIS HEALTHCARE LIMITED","Health Care Equipment & Services","07/10/2014",1783932880
"REH","REECE LIMITED","Capital Goods","01/01/1974",8371401535
"REM","REMSENSE TECHNOLOGIES LIMITED","Capital Goods","02/11/2021",7510520
"REP","RAM ESSENTIAL SERVICES PROPERTY FUND","Equity Real Estate Investment Trusts (REITs)","20/10/2021",230489984
"REV","REVOLUTION PRIVATE CREDIT INCOME TRUST","Not Applic","22/09/2025",456776352
"REZ","RESOURCES & ENERGY GROUP LIMITED","Materials","11/03/2005",12969283
"RFF","RURAL FUNDS GROUP","Equity Real Estate Investment Trusts (REITs)","14/02/2014",775548768
"RFG","RETAIL FOOD GROUP LIMITED","Consumer Services","22/06/2006",42666348
"RFT","RECTIFIER TECHNOLOGIES LTD","Capital Goods","22/09/1994",4148342
"RGN","REGION GROUP","Equity Real Estate Investment Trusts (REITs)","26/11/2012",2630619917
"RGT","ARGENT BIOPHARMA LIMITED","Pharmaceuticals, Biotechnology & Life Sciences","21/12/2006",4222164
"RHC","RAMSAY HEALTH CARE LIMITED","Health Care Equipment & Services","24/09/1997",8704592173
"RHI","RED HILL MINERALS LIMITED","Materials","14/02/2006",308941581
"RHT","RESONANCE HEALTH LIMITED","Health Care Equipment & Services","23/10/1987",19084809
"RIC","RIDLEY CORPORATION LIMITED","Food, Beverage & Tobacco","13/08/1987",1012103300
"RIL","REDIVIUM LIMITED","Materials","05/12/2003","SUSPENDED"
"RIM","RIMFIRE PACIFIC MINING LIMITED","Materials","04/03/1997",27732897
"RIO","RIO TINTO LIMITED","Materials","19/09/1962",67552478523
"RKN","RECKON LIMITED","Software & Services","19/07/1999",47017355
"RLF","RLF AGTECH LTD","Materials","21/04/2022",26882852
"RMC","RESIMAC GROUP LTD","Financial Services","19/03/2001",340154950
"RMD","RESMED INC","Health Care Equipment & Services","25/11/1999",42936689664
"RMI","RESOURCE MINERALS INTERNATIONAL LTD","Materials","14/02/1985",60424641
"RMS","RAMELIUS RESOURCES LIMITED","Materials","31/03/2003",6019885817
"RND","RAND MINING LIMITED","Materials","15/08/1985",138777345
"RNV","RENERVE LIMITED","Health Care Equipment & Services","26/11/2024",14300911
"RNX","RENEGADE EXPLORATION LIMITED","Materials","14/11/2006",6209390
"ROC","ROCKETBOOTS LIMITED","Software & Services","07/12/2021",62639639
"RON","RONIN RESOURCES LTD","Materials","16/12/2021",7065627
"RPM","RPM AUTOMOTIVE GROUP LIMITED","Automobiles & Components","10/11/1983",5720878
"RR1","REACH RESOURCES LIMITED","Materials","06/11/2002",9661930
"RRE","RIGHT RESOURCES LIMITED","Materials","29/10/2025",14526546
"RRL","REGIS RESOURCES LIMITED","Materials","19/02/1987",4740398766
"RRR","REVOLVER RESOURCES HOLDINGS LTD","Materials","23/09/2021",18748087
"RSG","RESOLUTE MINING LIMITED","Materials","11/01/1979",2607649488
"RTG","RTG MINING INC.","Materials","05/06/2014",84467038
"RTH","RAS TECHNOLOGY HOLDINGS LIMITED","Commercial & Professional Services","23/11/2021",30646975
"RVT","RICHMOND VANADIUM TECHNOLOGY LIMITED","Materials","13/12/2022",27539388
"RWD","REWARD MINERALS LTD","Materials","12/12/1991",8794226
"RWL","RUBICON WATER LIMITED","Technology Hardware & Equipment","02/09/2021",21671559
"RXL","ROX RESOURCES LIMITED","Materials","27/04/2004",590651587
"RYD","RYDER CAPITAL LIMITED","Not Applic","28/09/2015",150225368
"RYM","RYMAN HEALTHCARE LIMITED","Health Care Equipment & Services","01/10/2025",1747054019
"S32","SOUTH32 LIMITED","Materials","18/05/2015",18574050955
"SBR","SABRE RESOURCES LIMITED","Materials","17/12/1987",3591542
"SBZ","SCHOOLBLAZER LIMITED","Capital Goods","24/08/1971",91830932
"SCG","SCENTRE GROUP","Equity Real Estate Investment Trusts (REITs)","25/06/2014",19325015237
"SDF","STEADFAST GROUP LIMITED","Insurance","02/08/2013",4548045759
"SDI","SDI LIMITED","Health Care Equipment & Services","07/11/1985",159874138
"SDR","SITEMINDER LIMITED","Software & Services","08/11/2021",786975930
"SDV","SCIDEV LTD","Materials","02/05/2002",17678238
"SEA","SEA FOREST LIMITED","Food, Beverage & Tobacco","26/11/2025",124452689
"SEG","SPORTS ENTERTAINMENT GROUP LIMITED","Media & Entertainment","28/11/2000",75836188
"SEK","SEEK LIMITED","Media & Entertainment","19/04/2005",4822472565
"SEN","SENETAS CORPORATION LIMITED","Technology Hardware & Equipment","21/06/1984",42438116
"SEQ","SEQUOIA FINANCIAL GROUP LTD","Financial Services","19/09/2000",14709031
"SET","SOLARIS AUSTRALIAN EQUITY INCOME PLUS LIMITED","Not Applic","17/04/2026",197812904
"SFC","SCHAFFER CORPORATION LIMITED","Automobiles & Components","01/01/1974",255507172
"SFG","SEAFARMS GROUP LIMITED","Food, Beverage & Tobacco","14/06/1990","SUSPENDED"
"SFM","SANTA FE MINERALS LTD","Materials","07/10/2011",45589261
"SFR","SANDFIRE RESOURCES LIMITED","Materials","04/03/2004",8409794318
"SGA","SARYTOGAN GRAPHITE LIMITED","Materials","18/07/2022",20617787
"SGM","SIMS LIMITED","Materials","21/10/2005",4438561803
"SGP","STOCKLAND","Equity Real Estate Investment Trusts (REITs)","19/02/1987",9750892929
"SHA","SHAPE AUSTRALIA CORPORATION LIMITED","Capital Goods","17/12/2021",629509020
"SHE","STONEHORSE ENERGY LIMITED","Energy","24/07/2000",8897981
"SHJ","SHINE JUSTICE LTD","Consumer Services","15/05/2013",115185469
"SHL","SONIC HEALTHCARE LIMITED","Health Care Equipment & Services","30/04/1987",9197768305
"SHN","SUNSHINE METALS LIMITED","Materials","25/01/2002",93625635
"SHV","SELECT HARVESTS LIMITED","Food, Beverage & Tobacco","15/06/1978",522956112
"SIG","SIGMA HEALTHCARE LIMITED","Health Care Equipment & Services","30/10/2002",33014990111
"SIO","SIMONDS GROUP LIMITED","Consumer Durables & Apparel","17/11/2014",50386903
"SIQ","SMARTGROUP CORPORATION LTD","Commercial & Professional Services","02/07/2014",1592449264
"SIV","SIV CAPITAL LIMITED","Capital Goods","31/05/2005","SUSPENDED"
"SK1","SKINKANDY LIMITED","Class Pend","21/05/2026",262418362
"SKC","SKYCITY ENTERTAINMENT GROUP LIMITED","Consumer Services","29/03/1999",468798395
"SKK","STAKK LIMITED","Telecommunication Services","15/06/2004",65535294
"SKM","SKYLARK MINERALS LIMITED","Materials","16/08/2006",35307060
"SKS","SKS TECHNOLOGIES GROUP LIMITED","Capital Goods","01/01/1974",897584894
"SKT","SKY NETWORK TELEVISION LIMITED.","Media & Entertainment","04/07/2005",346941025
"SKY","SKY METALS LIMITED","Materials","11/03/2004",207560362
"SLA","SOLARA MINERALS LTD","Materials","17/11/2021",7108179
"SLB","STELAR METALS LIMITED","Materials","18/03/2022",7432226
"SLD","SALUDA MEDICAL, INC.","Health Care Equipment & Services","05/12/2025",114670834
"SLM","SOLIS MINERALS LIMITED","Materials","24/12/2021",22652542
"SLS","SOLSTICE MINERALS LIMITED","Materials","02/05/2022",216922086
"SLX","SILEX SYSTEMS LIMITED","Capital Goods","07/05/1998",1564823195
"SMI","SANTANA MINERALS LIMITED","Materials","31/05/2013",576669929
"SMN","STRUCTURAL MONITORING SYSTEMS PLC","Technology Hardware & Equipment","16/08/2004",63798779
"SMS","STAR MINERALS LIMITED","Materials","27/10/2021",13202543
"SNC","SANDON CAPITAL INVESTMENTS LIMITED","Not Applic","23/12/2013",122050546
"SNL","SUPPLY NETWORK LIMITED","Consumer Discretionary Distribution & Retail","10/09/1987",1243484275
"SNM","SENTINEL METALS LIMITED","Materials","30/10/2025",65611528
"SNT","SYNTARA LIMITED","Pharmaceuticals, Biotechnology & Life Sciences","10/11/2003",46924503
"SNX","SIERRA NEVADA GOLD INC.","Materials","03/05/2022",36598501
"SNZ","SUMMERSET GROUP HOLDINGS LIMITED","Health Care Equipment & Services","18/07/2013",1508489172
"SOC","SOCO CORPORATION LTD","Software & Services","23/12/2022",6689044
"SOL","WASHINGTON H. SOUL PATTINSON AND COMPANY LIMITED","Financial Services","21/01/1903",16017413793
"SOM","SOMNOMED LIMITED","Health Care Equipment & Services","27/08/2004",120495789
"SOP","SYNERTEC CORPORATION LIMITED","Commercial & Professional Services","28/05/2013",13502695
"SOR","STRATEGIC ELEMENTS LIMITED","Financial Services","11/08/2011",16882217
"SP8","STREAMPLAY STUDIO LIMITED","Media & Entertainment","09/06/1971",13862212
"SPA","SPACETALK LTD","Software & Services","17/07/2001",15971156
"SPD","SOUTHERN PALLADIUM LIMITED","Materials","08/06/2022",200581589
"SPG","SPC GLOBAL HOLDINGS LTD","Food, Beverage & Tobacco","29/06/2012",23362937
"SPK","SPARK NEW ZEALAND LIMITED","Telecommunication Services","22/08/1991",3071461426
"SPL","STARPHARMA HOLDINGS LIMITED","Pharmaceuticals, Biotechnology & Life Sciences","28/09/2000",258870988
"SPN","SPARC TECHNOLOGIES LIMITED","Materials","03/07/1986",33408417
"SPZ","SMART PARKING LIMITED","Commercial & Professional Services","09/01/2007",349124369
"SQX","SQX RESOURCES LIMITED","Materials","20/02/2023",6198750
"SRG","SRG GLOBAL LIMITED","Capital Goods","17/08/2007",1898574433
"SRH","SAFEROADS HOLDINGS LIMITED","Transportation","15/12/2005",4204606
"SRK","STRIKE RESOURCES LIMITED","Materials","07/03/2000",7945000
"SRN","SUREFIRE RESOURCES NL","Materials","11/06/1999",3220497
"SRR","SARAMA RESOURCES LTD","Materials","02/05/2022",15744398
"SRV","SERVCORP LIMITED","Real Estate Management & Development","06/12/1999",611865263
"SRZ","STELLAR RESOURCES LIMITED","Materials","28/04/2005",125485211
"SS1","SUN SILVER LIMITED","Materials","15/05/2024",224494545
"SSH","SSH GROUP LTD","Energy","17/09/2021",17436533
"SSL","SIETEL LIMITED","Real Estate Management & Development","01/01/1974",68864319
"SSM","SERVICE STREAM LIMITED","Capital Goods","09/12/2004",1416148389
"SST","STEAMSHIPS TRADING COMPANY LIMITED","Capital Goods","30/06/1962",331788136
"STH","STEPCHANGE HOLDINGS LIMITED","Software & Services","10/07/2025",23144597
"STK","STRICKLAND METALS LIMITED","Materials","06/04/2006",289929064
"STO","SANTOS LIMITED","Energy","01/10/1954",26404394173
"STP","STEP ONE CLOTHING LIMITED","Consumer Discretionary Distribution & Retail","01/11/2021",35214655
"STV","SWIFT TV LTD","Media & Entertainment","30/06/1994",11253240
"STX","STRIKE ENERGY LIMITED","Energy","05/08/2004",449924625
"SUL","SUPER RETAIL GROUP LIMITED","Consumer Discretionary Distribution & Retail","06/07/2004",2522482005
"SUN","SUNCORP GROUP LIMITED","Insurance","07/07/1988",19081888319
"SVG","SAVANNAH GOLDFIELDS LIMITED","Materials","02/04/1987",20174193
"SVL","SILVER MINES LIMITED","Materials","19/01/2007",323307429
"SVM","SOVEREIGN METALS LIMITED","Materials","22/01/2007",406695946
"SVR","SOLVAR LIMITED","Financial Services","19/10/2006",266301242
"SVY","STAVELY MINERALS LIMITED","Materials","07/05/2014",11127779
"SX2","SOUTHERN CROSS GOLD CONSOLIDATED LTD.","Materials","16/01/2025",2480685649
"SYL","SYMAL GROUP LIMITED","Capital Goods","21/11/2024",593077852
"T3D","333D LIMITED","Commercial & Professional Services","27/12/2006",4439305
"T88","TAITON RESOURCES LIMITED","Materials","19/12/2022",7617972
"T92","TERRA CRITICAL MINERALS LIMITED","Energy","08/09/2022",9495395
"TAH","TABCORP HOLDINGS LIMITED","Consumer Services","15/08/1994",1558998076
"TAL","TALIUS GROUP LIMITED","Software & Services","02/06/2006",22495435
"TAM","TANAMI GOLD NL","Materials","11/12/1986",72856017
"TAMNB","TANAMI GOLD NL","Materials","11/12/1986",72856017
"TAS","TASMAN RESOURCES LTD","Materials","18/12/2001",20029260
"TBR","TRIBUNE RESOURCES LIMITED","Materials","04/05/1989",278605489
"TCF","360 CAPITAL MORTGAGE REIT","Not Applic","17/10/2006",52194925
"TCL","TRANSURBAN GROUP","Transportation","14/03/1996",45180260975
"TCO","TRANSMETRO CORPORATION LIMITED","Consumer Services","17/09/1987",37337951
"TD1","TALI DIGITAL LIMITED","Health Care Equipment & Services","23/09/2004",2336374
"TEA","TASMEA LIMITED","Capital Goods","29/04/2024",1568860962
"TEE","TOP END ENERGY LIMITED","Energy","04/04/2022","SUSPENDED"
"TEK","THORNEY TECHNOLOGIES LTD","Not Applic","10/05/2005",35741729
"TFL","TASFOODS LIMITED","Food, Beverage & Tobacco","16/12/1999","SUSPENDED"
"TG6","TG METALS LIMITED","Materials","26/05/2022",26516668
"TGN","TUNGSTEN MINING NL","Materials","17/12/2012",286249742
"THL","TOURISM HOLDINGS RENTALS LIMITED","Transportation","02/12/2022",366082804
"THR","THOR ENERGY PLC","Materials","27/09/2006",10300726
"TIA","TIAN AN AUSTRALIA LIMITED","Real Estate Management & Development","11/12/1985",16888722
"TIO","TEMAS RESOURCES CORP.","Materials","27/10/2025",13321824
"TIP","TEAMINVEST PRIVATE GROUP LIMITED","Financial Services","24/05/2019",32229715
"TLC","THE LOTTERY CORPORATION LIMITED","Consumer Services","24/05/2022",11529497422
"TLM","TALISMAN MINING LIMITED","Materials","25/11/2005",15065628
"TLS","TELSTRA GROUP LIMITED","Telecommunication Services","17/11/1997",60958443972
"TM1","TERRA METALS LIMITED","Energy","20/12/2012",329871960
"TMB","TAMBOURAH METALS LTD","Materials","12/08/2021",8559568
"TMS","TENNANT MINERALS LIMITED","Materials","17/08/2004",10658904
"TMX","TERRAIN MINERALS LIMITED","Materials","23/03/2006",14846913
"TNE","TECHNOLOGY ONE LIMITED","Software & Services","08/12/1999",9546066656
"TOE","TORO ENERGY LIMITED","Energy","24/03/2006",63147970
"TOK","TOLU MINERALS LIMITED.","Materials","10/11/2023",344618335
"TOP","THORNEY OPPORTUNITIES LTD","Not Applic","22/03/2000",92831609
"TOR","TORQUE METALS LIMITED..","Materials","25/06/2021",218724975
"TOU","TLOU ENERGY LIMITED","Energy","09/04/2013",5194337
"TR2","TALI RESOURCES LTD","Materials","18/07/2025",38646233
"TR8","TARRINA RESOURCES LIMITED","Materials","07/01/2022",7243406
"TRE","TOUBANI RESOURCES LIMITED","Materials","28/11/2022",290691854
"TRI","TRIVARX LTD","Health Care Equipment & Services","29/01/2001",32880264
"TRP","TISSUE REPAIR LTD","Pharmaceuticals, Biotechnology & Life Sciences","18/11/2021",7255781
"TSK","TUSKER MINERALS LTD","Materials","29/06/2023",9287884
"TSL","TITANIUM SANDS LIMITED","Materials","22/12/1988",18757978
"TTM","TITAN MINERALS LIMITED","Materials","15/11/2006",211692161
"TTX","TETRATHERIX LIMITED","Pharmaceuticals, Biotechnology & Life Sciences","30/06/2025",342668239
"TVL","TOUCH VENTURES LIMITED","Financial Services","29/09/2021",41794285
"TVN","TIVAN LIMITED","Materials","18/02/1971",635311458
"TWD","TAMAWOOD LIMITED","Consumer Durables & Apparel","14/08/2000",100754061
"TWL","TRADE WINDOW HOLDINGS LIMITED","Class Pend","19/12/2025",25321031
"TWR","TOWER LIMITED","Insurance","28/09/1999",540872878
"TXR","TALONX RESOURCES LIMITED","Materials","05/09/1985",9319969
"TZL","TZ LIMITED","Technology Hardware & Equipment","22/01/1987",10316223
"TZN","TERRAMIN AUSTRALIA LIMITED.","Materials","23/12/2003",47753271
"UBI","UNIVERSAL BIOSENSORS INC.","Health Care Equipment & Services","13/12/2006","SUSPENDED"
"UBN","URBANISE.COM LIMITED","Software & Services","22/09/2014",51294809
"UCM","USCOM LIMITED","Health Care Equipment & Services","10/12/2003","SUSPENDED"
"UM1","UNITY METALS LIMITED","Materials","12/01/2026",20380656
"UNT","UNITH LTD","Media & Entertainment","16/12/1999",10657936
"UOS","UNITED OVERSEAS AUSTRALIA LIMITED","Real Estate Management & Development","17/02/1988",1142332309
"URF","US MASTERS RESIDENTIAL PROPERTY FUND","Equity Real Estate Investment Trusts (REITs)","23/07/2012",103267693
"USC","US1 CRITICAL MINERALS LIMITED","Materials","27/06/2006",18313195
"UWC","UNDERWOOD CAPITAL LIMITED","Not Applic","22/01/2015",10471670
"VAL","VALIANT GOLD LIMITED","Materials","27/03/2026",126900024
"VAR","VARISCAN MINES LIMITED","Materials","20/08/1987",7109980
"VAU","VAULT MINERALS LIMITED","Materials","16/10/1996",4500361643
"VBX","VBX LIMITED","Materials","17/06/2025",51940859
"VFY","VITRAFY LIFE SCIENCES LIMITED","Pharmaceuticals, Biotechnology & Life Sciences","26/11/2024",149408237
"VGL","VISTA GROUP INTERNATIONAL LIMITED.","Software & Services","11/08/2014",451059201
"VGN","VIRGIN AUSTRALIA HOLDINGS LIMITED.","Transportation","24/06/2025",1929210339
"VHL","VITASORA HEALTH LIMITED","Health Care Equipment & Services","14/07/2000",27154781
"VHM","VHM LIMITED","Materials","09/01/2023",93483570
"VIG","VICTOR GROUP HOLDINGS LIMITED","Software & Services","09/05/2014","SUSPENDED"
"VML","VITAL METALS LIMITED","Materials","11/10/2005",34703151
"VMM","VIRIDIS MINING AND MINERALS LIMITED","Materials","24/01/2022",384513123
"VMS","VENARI MINERALS NL","Materials","14/08/1986",13992113
"VMT","VMOTO LIMITED","Automobiles & Components","31/01/2002",49872317
"VNT","VENTIA SERVICES GROUP LIMITED","Capital Goods","19/11/2021",5022445086
"VPR","VOLT GROUP LIMITED","Utilities","18/04/1991",26182989
"VSL","VULCAN STEEL LIMITED","Materials","04/11/2021",781004687
"VTM","VICTORY METALS LIMITED","Materials","22/07/2021",163143772
"VTX","VERTEX MINERALS LIMITED","Materials","17/01/2022",38687959
"W2V","WAY 2 VAT LTD.","Software & Services","17/09/2021",18169413
"WA1","WA1 RESOURCES LTD","Materials","08/02/2022",1038495618
"WAG","THE AUSTRALIAN WEALTH ADVISORS GROUP LIMITED","Financial Services","16/02/2024",45382983
"WAM","WAM CAPITAL LIMITED","Not Applic","12/08/1999",1822498004
"WAT","WATERCO LIMITED","Consumer Durables & Apparel","23/03/1989",190988378
"WAX","WAM RESEARCH LIMITED","Not Applic","19/08/2003",227216291
"WBC","WESTPAC BANKING CORPORATION","Banks","18/07/1970",124088603905
"WC1","WEST COBAR METALS LIMITED","Materials","01/10/2021",6550678
"WDS","WOODSIDE ENERGY GROUP LTD","Energy","18/11/1971",60512017552
"WEB","WEB TRAVEL GROUP LIMITED","Consumer Services","19/11/1997",846865005
"WEC","WHITE ENERGY COMPANY LIMITED","Energy","23/07/1999",18982812
"WEL","WINCHESTER ENERGY LTD","Energy","23/09/2014",3426038
"WES","WESFARMERS LIMITED","Consumer Discretionary Distribution & Retail","15/11/1984",84862383918
"WHF","WHITEFIELD INDUSTRIALS LIMITED","Not Applic","02/08/1971",576453131
"WHI","WHITEFIELD INCOME LIMITED","Not Applic","11/12/2024",283081865
"WIN","WIN METALS LTD","Materials","22/09/2021",18862302
"WJL","WEBJET GROUP LIMITED","Consumer Services","23/09/2024",188414571
"WMA","WAM ALTERNATIVE ASSETS LIMITED","Not Applic","16/06/2014",190536155
"WMX","WAM INCOME MAXIMISER LIMITED","Not Applic","30/04/2025",311212076
"WNR","WINGARA AG LTD","Food, Beverage & Tobacco","31/01/1990","SUSPENDED"
"WOR","WORLEY LIMITED","Capital Goods","28/11/2002",5973375896
"WOW","WOOLWORTHS GROUP LIMITED","Consumer Staples Distribution & Retail","12/07/1993",42132956132
"WRX","WESTERN RIDGE RESOURCES LIMITED","Materials","05/08/2022",4421314
"WSI","WESTSTAR INDUSTRIAL LIMITED","Materials","07/06/2006",8627271
"WTM","WARATAH MINERALS LIMITED","Materials","29/10/2012",259745960
"WTN","WINTON LAND LIMITED","Real Estate Management & Development","17/12/2021",673313181
"WZR","WISR LIMITED","Financial Services","16/03/1989",37009675
"X2M","X2M CONNECT LIMITED","Technology Hardware & Equipment","22/09/2021",5920515
"XPD","XPEDRA RESOURCES LIMITED","Materials","29/08/1997",12941097
"XPN","XPON TECHNOLOGIES GROUP LIMITED","Software & Services","16/12/2021",4903564
"XRF","XRF SCIENTIFIC LIMITED","Capital Goods","31/10/2006",251750537
"XRG","XREALITY GROUP LTD","Consumer Services","18/01/2013",45880035
"XRO","XERO LIMITED","Software & Services","08/11/2012",13057667284
"XST","XSTATE RESOURCES LIMITED","Energy","14/01/1988",13916895
"XYZ","BLOCK, INC.","Financial Services","20/01/2022",55403901074
"YAR","YARI MINERALS LIMITED","Materials","19/06/2006",4617051
"YOW","YOWIE GROUP LTD","Food, Beverage & Tobacco","15/09/1999","SUSPENDED"
"YUG","YUGO METALS LIMITED","Materials","21/10/2021",31794561
"ZEU","ZEUS RESOURCES LIMITED","Energy","21/01/2013",5741845
"ZGL","ZICOM GROUP LIMITED","Capital Goods","12/11/1970",24791724
"ZIM","ZIMPLATS HOLDINGS LIMITED","Materials","15/10/1998",1722202384
"ZLD","ZELIRA THERAPEUTICS LIMITED","Pharmaceuticals, Biotechnology & Life Sciences","28/07/2003","SUSPENDED"
"ZNO","ZOONO GROUP LIMITED","Materials","21/07/1988",28841035