ASX Code,Date,Price sens.,Headline
ALX,21/01/2025  8:13 pm,Â,Change in substantial holding  36  pages  3.0MB
DMP,21/01/2025  8:07 pm,Â,Becoming a substantial holder  42  pages  1.3MB
NFM,21/01/2025  7:49 pm,Â,Change of Director's Interest Notice - J Logan  2  pages  245.6KB
NFM,21/01/2025  7:49 pm,Â,Change of Director's Interest Notice - E Robaina  2  pages  244.3KB
NFM,21/01/2025  7:47 pm,Â,Change of Director's Interest Notice - G Hall  3  pages  251.4KB
FEX,21/01/2025  7:33 pm,Â,Fenix adds to hedge book  2  pages  307.6KB
CST,21/01/2025  7:29 pm,Â,General Meeting - Letter and Notice of Meeting  33  pages  753.3KB
NFM,21/01/2025  7:27 pm,Â,Notification regarding unquoted securities - NFM  6  pages  19.5KB
JAV,21/01/2025  7:27 pm,Â,Cleansing Notice  1  page  713.6KB
JAV,21/01/2025  7:26 pm,Â,Application for quotation of securities - JAV  6  pages  18.7KB
MIN,21/01/2025  7:17 pm,Â,Change in substantial holding  20  pages  1.9MB
DEG,21/01/2025  7:14 pm,Â,Ceasing to be a substantial holder  4  pages  521.5KB
BOE,21/01/2025  7:11 pm,Â,Change in substantial holding  15  pages  1.5MB
MLX,21/01/2025  7:03 pm,Â,Notification of cessation of securities - MLX  4  pages  14.7KB
ETR,21/01/2025  7:01 pm,Â,Notice of General Meeting  99  pages  4.2MB
ETR,21/01/2025  6:59 pm,Â,Letter to Shareholders - General Meeting  1  page  182.4KB
CY5,21/01/2025  6:52 pm,Â,Change of Director's Interest Notice  2  pages  240.2KB
EVG,21/01/2025  6:52 pm,Â,Update to Investor Presentation  30  pages  15.4MB
BML,21/01/2025  6:49 pm,Â,Corporate Presentation  30  pages  4.9MB
LRS,21/01/2025  6:42 pm,Â,Application for quotation of securities - LRS  6  pages  19.6KB
STN,21/01/2025  6:34 pm,Â,Notification regarding unquoted securities - STN  6  pages  18.5KB
RLF,21/01/2025  6:29 pm,Â,Change in substantial holding  4  pages  425.4KB
CY5,21/01/2025  6:20 pm,Â,Notification of cessation of securities - CY5  5  pages  16.4KB
CXO,21/01/2025  6:19 pm,Â,December Quarterly Report and Investor Webcast  2  pages  117.3KB
C7A,21/01/2025  6:07 pm,Â,Notice Pursuant to Section 249D of the Corporations Act  1  page  192.3KB
QUB,21/01/2025  5:59 pm,Â,Notification regarding unquoted securities - QUB  5  pages  16.7KB
APX,21/01/2025  5:53 pm,Â,Ceasing to be a substantial holder from MUFG  45  pages  1.0MB
PGD,21/01/2025  5:46 pm,Â,Notification of cessation of securities - PGD  5  pages  16.0KB
RCR,21/01/2025  5:46 pm,Â,Final Director's Interest Notice - GH  2  pages  515.0KB
KAR,21/01/2025  5:41 pm,Â,2025 Key Dates and Strategy Seminar  2  pages  180.3KB
SKM,21/01/2025  5:29 pm,Â,Change of Director's Interest Notice - D Segman  4  pages  264.8KB
EML,21/01/2025  5:24 pm,Â,Change in substantial holding from WAM/WMI  7  pages  546.3KB
WAM,21/01/2025  5:24 pm,Â,Change in substantial holding for EML  7  pages  546.3KB
WMI,21/01/2025  5:24 pm,Â,Change in substantial holding for EML  7  pages  546.3KB
CLE,21/01/2025  5:21 pm,Â,Application for quotation of securities - CLE  6  pages  18.2KB
AQD,21/01/2025  5:19 pm,Â,Notification regarding unquoted securities - AQD  6  pages  19.5KB
CLE,21/01/2025  5:19 pm,Â,Issue of Securities  1  page  159.2KB
NYR,21/01/2025  5:15 pm,Â,Change of Director's Interest Notice - ID  2  pages  6.0KB
FND,21/01/2025  5:15 pm,Â,Section 708A Cleansing Notice  1  page  122.5KB
FND,21/01/2025  5:10 pm,Â,Application for quotation of securities - FND  6  pages  18.2KB
CAM,21/01/2025  5:04 pm,Â,Update - Dividend/Distribution - CAM  5  pages  18.8KB
MYR,21/01/2025  5:00 pm,Â,Change in substantial holding from PPT  8  pages  612.6KB
PPT,21/01/2025  5:00 pm,Â,Change in substantial holding for MYR  8  pages  612.6KB
RPL,21/01/2025  4:59 pm,,"December 2024 Funds Under Management, FUM rises to $18.0bn  3  pages  108.3KB"
NYR,21/01/2025  4:56 pm,Â,Notification of cessation of securities - NYR  5  pages  18.4KB
UWC,21/01/2025  4:49 pm,Â,Update - Notification of buy-back - UWC  6  pages  18.3KB
SCP,21/01/2025  4:41 pm,,Quarterly Activities/Appendix 4C Cash Flow Report  8  pages  1.3MB
AIQ,21/01/2025  4:38 pm,,Dividend/Distribution - AIQ  4  pages  15.2KB
CTW,21/01/2025  4:36 pm,Â,CitiFirst Instalment MINIs Strike Changes Effective 22 Jan25  11  pages  1.3MB
CTW,21/01/2025  4:36 pm,Â,CitiFirst MINIs Strike Changes Effective 22 Jan 25  39  pages  3.5MB
ADH,21/01/2025  4:35 pm,Â,ADH 1H FY25 Result Date and Investor Call Details  1  page  272.1KB
ADC,21/01/2025  4:34 pm,Â,Ceasing to be a substantial holder  4  pages  399.1KB
DJW,21/01/2025  4:33 pm,Â,Re-scheduled Half Yearly Results Webcast  1  page  132.1KB
UNI,21/01/2025  4:33 pm,Â,H1 FY25 Results Notification & Webinar  1  page  208.7KB
ADC,21/01/2025  4:32 pm,Â,Change in substantial holding  3  pages  696.7KB
CEL,21/01/2025  4:31 pm,Â,Becoming a substantial holder  3  pages  684.5KB
CTW,21/01/2025  4:29 pm,Â,CitiFirst MINIs Stop Loss Event Trigger Date 21 Jan 25  1  page  87.5KB
SWM,21/01/2025  4:24 pm,Â,Half Year Results Announcement Date  1  page  185.2KB
GCM,21/01/2025  4:18 pm,Â,Application for quotation of securities - GCM  6  pages  18.2KB
GCM,21/01/2025  4:17 pm,Â,Application for quotation of securities - GCM  6  pages  18.2KB
GCM,21/01/2025  4:16 pm,Â,Notice Under Section 708A  1  page  303.7KB
SMG,21/01/2025  4:12 pm,,Completion of Sale of the Texas Project  1  page  126.9KB
ERM,21/01/2025  4:11 pm,,Quarterly Appendix 5B Cash Flow Report  6  pages  242.8KB
CTW,21/01/2025  4:08 pm,Â,CitiFirst DJW Instalment MINIs Dividend  1  page  100.2KB
AIV,21/01/2025  4:08 pm,Â,Mt Hogan High Grade Gold Drilling Results  15  pages  2.3MB
LLL,21/01/2025  4:07 pm,,Notification of Final Distribution Values  2  pages  108.9KB
TT6,21/01/2025  4:07 pm,Â,Interest Details  6  pages  265.0KB
PIC,21/01/2025  4:06 pm,Â,Daily Net Tangible Asset Statement  1  page  232.2KB
LLL,21/01/2025  4:06 pm,Â,Update - Return of Capital - LLL  4  pages  16.8KB
LLL,21/01/2025  4:06 pm,Â,Update - Dividend/Distribution - LLL  4  pages  16.2KB
VNL,21/01/2025  4:05 pm,,COMPLETION OF RETAIL ENTITLEMENTS OFFER  2  pages  194.0KB
TT4,21/01/2025  4:05 pm,Â,Interest Details  6  pages  264.9KB
BGE,21/01/2025  4:04 pm,Â,Change in substantial holding  3  pages  89.0KB
VMT,21/01/2025  3:54 pm,Â,Secondary Trading Notice  2  pages  203.3KB
ZEU,21/01/2025  3:52 pm,Â,Notification regarding unquoted securities - ZEU  5  pages  16.7KB
VMT,21/01/2025  3:52 pm,Â,Application for quotation of securities - VMT  6  pages  19.3KB
VIP,21/01/2025  3:51 pm,Â,Results of Meeting  2  pages  225.0KB
VTX,21/01/2025  3:50 pm,Â,Gold Ore Commissioning Underway (Replacement)  11  pages  1.4MB
ZEU,21/01/2025  3:49 pm,,Placement of Shortfall Options  1  page  144.1KB
MGU,21/01/2025  3:45 pm,Â,Details of Auditor Appointment/Resignation  1  page  158.4KB
SX2,21/01/2025  3:42 pm,Â,Initial Director's Interest Notices x4  8  pages  776.5KB
PLS,21/01/2025  3:35 pm,,LRS: Court Approval of Schemes  2  pages  195.3KB
LRS,21/01/2025  3:35 pm,,Court Approval of Schemes  2  pages  195.3KB
CF1,21/01/2025  3:24 pm,Â,Exercise of Performance Rights  2  pages  99.4KB
CLE,21/01/2025  3:21 pm,Â,Proposed issue of securities - CLE  5  pages  18.5KB
CF1,21/01/2025  3:20 pm,Â,Application for quotation of securities - CF1  6  pages  18.3KB
CVB,21/01/2025  3:15 pm,Â,Timing of Q2 Quarterly Results Investor Webinar  1  page  689.0KB
MIR,21/01/2025  3:06 pm,Â,Half Yearly Results Webcast Presentation  17  pages  2.2MB
IPL,21/01/2025  3:03 pm,Â,Notification regarding unquoted securities - IPL  6  pages  20.1KB
IPL,21/01/2025  2:55 pm,Â,Notification regarding unquoted securities - IPL  6  pages  19.4KB
VNL,21/01/2025  2:53 pm,,COMPLETION OF RETAIL ENTITLEMENTS OFFER  2  pages  193.9KB
IPL,21/01/2025  2:50 pm,Â,Notification regarding unquoted securities - IPL  6  pages  19.5KB
PRN,21/01/2025  2:50 pm,Â,Notification of cessation of securities - PRN  4  pages  14.6KB
NVQ,21/01/2025  2:45 pm,Â,Results of Meeting  2  pages  182.0KB
AL3,21/01/2025  2:43 pm,Â,Proposed issue of securities - AL3  5  pages  18.4KB
IPL,21/01/2025  2:43 pm,Â,Change of Director's Interest Notice  3  pages  252.3KB
SCP,21/01/2025  2:42 pm,Â,Results of Meeting  2  pages  177.8KB
PL8,21/01/2025  2:21 pm,Â,December 2024 Investment update  4  pages  299.6KB
IDX,21/01/2025  2:13 pm,Â,IDX FY25 Half Year Results Release Date and Conference Call  1  page  372.9KB
PEK,21/01/2025  2:11 pm,Â,Change in substantial holding  3  pages  221.2KB
FTL,21/01/2025  2:08 pm,Â,Change of Director's Interest Notice - Expiry of Options  3  pages  187.9KB
ABV,21/01/2025  2:03 pm,Â,Company Secretary Appointment/Resignation  2  pages  171.0KB
HRZ,21/01/2025  2:00 pm,Â,POS: Additional Disclosure - Schemes of Arrangement  3  pages  259.6KB
POS,21/01/2025  2:00 pm,Â,Additional Disclosure - Schemes of Arrangement  3  pages  259.6KB
GCI,21/01/2025  1:54 pm,Â,Net Tangible Asset Backing  1  page  342.2KB
KGL,21/01/2025  1:47 pm,,CEO Resignation and Company Update  1  page  154.7KB
EGH,21/01/2025  1:23 pm,Â,Resignation of Chief Financial Officer  1  page  453.1KB
ERM,21/01/2025  1:22 pm,,Quarterly Activities Report  16  pages  2.7MB
RAD,21/01/2025  1:18 pm,Â,Notice Under Section 708A  1  page  133.3KB
RAD,21/01/2025  1:15 pm,Â,Application for quotation of securities - RAD  6  pages  19.2KB
MXT,21/01/2025  1:15 pm,Â,Daily Fund Update  1  page  611.7KB
MOT,21/01/2025  1:08 pm,Â,Daily Fund Update  1  page  609.0KB
NC6,21/01/2025  1:07 pm,Â,Notice of General Meeting/Proxy Form  21  pages  629.2KB
T92,21/01/2025  12:59 pm,Â,Becoming a substantial holder  2  pages  1.8MB
GLH,21/01/2025  12:49 pm,,Dec24 Quarterly Activities Report and Appendix 4C  13  pages  300.5KB
ELD,21/01/2025  12:47 pm,Â,Update - Dividend/Distribution - ELD  5  pages  18.9KB
CYP,21/01/2025  12:41 pm,Â,Results of Meeting  2  pages  278.0KB
ADS,21/01/2025  12:29 pm,Â,Cleansing Notice  1  page  313.1KB
CG1,21/01/2025  12:29 pm,Â,Notification of cessation of securities - CG1  4  pages  14.8KB
BRU,21/01/2025  12:28 pm,,Quarterly Activities and Cash Flow Report - Dec 2024  14  pages  648.2KB
PCI,21/01/2025  12:28 pm,Â,Daily Net Tangible Asset Statement  1  page  453.8KB
ADS,21/01/2025  12:24 pm,Â,Application for quotation of securities - ADS  6  pages  19.0KB
KOV,21/01/2025  12:16 pm,,Investor Presentation  16  pages  1.1MB
MX1,21/01/2025  12:15 pm,Â,MX1 - Final Director's Interest - David Knox  2  pages  868.6KB
PFE,21/01/2025  12:10 pm,,Quarterly Activities/Appendix 5B Cash Flow Report  12  pages  444.2KB
CXM,21/01/2025  12:04 pm,,Correction of Title - Corporate Presentation January 2025  29  pages  4.3MB
BKI,21/01/2025  11:55 am,,BKI Investor Presentation - HY25 Results  23  pages  1.6MB
BKI,21/01/2025  11:54 am,,BKI Announces HY25 Results  5  pages  243.0KB
FUT,21/01/2025  11:54 am,Â,Monthly Factsheet - December 2024  4  pages  232.2KB
OVT,21/01/2025  11:53 am,Â,Notice of Extraordinary General Meeting/Proxy Form  23  pages  427.2KB
BKI,21/01/2025  11:52 am,Â,Dividend/Distribution - BKI  5  pages  19.1KB
ABB,21/01/2025  11:52 am,Â,ABB FY25 Half-Year Results Date and Briefing Details  2  pages  85.8KB
BKI,21/01/2025  11:49 am,,Half Yearly Report and Accounts  23  pages  800.8KB
NMG,21/01/2025  11:45 am,Â,Application for quotation of securities - NMG  6  pages  18.4KB
CXM,21/01/2025  11:43 am,,Corporate Presentation - January 2024  28  pages  4.2MB
MCA,21/01/2025  11:38 am,,Consolidation/Split - MCA  5  pages  20.7KB
IME,21/01/2025  11:31 am,Â,Change in substantial holding  4  pages  241.1KB
PMC,21/01/2025  11:29 am,Â,Weekly Net Tangible Asset Backing  1  page  123.2KB
WS1,21/01/2025  11:26 am,Â,Series 2024-1 WST Trust - Class A Notes  1  page  190.6KB
SC1,21/01/2025  11:25 am,Â,Note Deed Poll  21  pages  467.0KB
PAI,21/01/2025  11:24 am,Â,Weekly Net Tangible Asset Backing  1  page  101.8KB
RIL,21/01/2025  11:23 am,Â,Update - Proposed issue of securities - RIL  6  pages  21.9KB
SC1,21/01/2025  11:20 am,Â,Pricing Supplement  5  pages  423.4KB
SC1,21/01/2025  11:18 am,Â,Information Memorandum  61  pages  990.6KB
SC1,21/01/2025  11:17 am,Â,"Appendix 1B, Information Form and Checklist  12  pages  210.6KB"
SC1,21/01/2025  11:15 am,Â,Admission and Commencement as an ASX Debt Listing  1  page  435.6KB
AOV,21/01/2025  11:05 am,Â,Notification of cessation of securities - AOV  4  pages  14.6KB
AEF,21/01/2025  11:00 am,Â,AEF 2025 Reporting Calendar  1  page  242.2KB
GCI,21/01/2025  10:59 am,Â,Investment Update - Dec 2024  5  pages  220.0KB
HPI,21/01/2025  10:59 am,,Supplementary Bidder's Statement  3  pages  334.9KB
CQR,21/01/2025  10:59 am,,HPI: Supplementary Bidder's Statement  3  pages  334.9KB
DY6,21/01/2025  10:57 am,Â,Change of Directors' Interest Notices (combined)  12  pages  647.2KB
HJH,21/01/2025  10:57 am,Â,December 2024 Distribution DRP Price  1  page  119.0KB
CBA,21/01/2025  10:54 am,Â,Ceasing to be a substantial holder for SDR  8  pages  159.3KB
SDR,21/01/2025  10:54 am,Â,Ceasing to be a substantial holder from CBA  8  pages  159.3KB
RIL,21/01/2025  10:45 am,Â,Entitlement Offer - Extension to Closing Date  2  pages  224.7KB
TGH,21/01/2025  10:44 am,Â,TGH Completion of retail entitlement offer  5  pages  126.1KB
PNM,21/01/2025  10:40 am,Â,Request for a Further Extension to Voluntary Suspension  1  page  136.5KB
DY6,21/01/2025  10:35 am,Â,Notification regarding unquoted securities - DY6  5  pages  17.0KB
SMR,21/01/2025  10:29 am,Â,Investor Call Details  1  page  129.6KB
IVT,21/01/2025  10:21 am,Â,Director Appointment/Resignation  1  page  270.0KB
TTI,21/01/2025  10:18 am,,City of Sydney Contract for $3m LED Streetlights  1  page  139.1KB
REP,21/01/2025  10:06 am,Â,Update - Notification of buy-back - REP  6  pages  18.3KB
ETM,21/01/2025  10:02 am,Â,Proposed issue of securities - ETM  6  pages  21.5KB
ETM,21/01/2025  10:02 am,,Successful A$9.35m Placement  4  pages  274.8KB
MSB,21/01/2025  9:59 am,Â,Appendix 3Y for Eric Rose  3  pages  264.9KB
RCE,21/01/2025  9:57 am,,Patient Dosing Complete in Phase II ABSSSI Trial of R327G  3  pages  303.7KB
GYG,21/01/2025  9:54 am,Â,Advance Notice - 2025 Half Year Results and Briefing  1  page  386.3KB
RHI,21/01/2025  9:53 am,Â,Change in substantial holding  10  pages  1.4MB
FUL,21/01/2025  9:53 am,,Quarterly Activities/Appendix 5B Cash Flow Report  15  pages  881.6KB
NRX,21/01/2025  9:52 am,,"Another Wide, High-Grade Copper-Silver Intercept at Fiesta  18  pages  1.9MB"
BFL,21/01/2025  9:51 am,Â,Appointment of Group Chief Financial Officer  1  page  383.3KB
SVY,21/01/2025  9:51 am,,Large-Scale Breccia-Hosted Gold Target  39  pages  10.2MB
CVN,21/01/2025  9:49 am,,Dorado project update  2  pages  621.8KB
WQG,21/01/2025  9:48 am,Â,Weekly NTA 17 January 2025  1  page  217.1KB
C2F,21/01/2025  9:48 am,,C2F Q2 FY25 Quarterly Report  2  pages  551.9KB
1TT,21/01/2025  9:47 am,Â,Proposed issue of securities - 1TT  6  pages  22.9KB
1TT,21/01/2025  9:47 am,,Appointment of Chief Executive Officer  4  pages  97.1KB
NFM,21/01/2025  9:47 am,Â,AR1: Strategic Alliance with New Frontier Minerals  8  pages  978.8KB
AR1,21/01/2025  9:47 am,Â,Strategic Alliance with New Frontier Minerals  8  pages  978.8KB
BEO,21/01/2025  9:46 am,Â,Cleansing Notice  1  page  42.9KB
DLI,21/01/2025  9:45 am,,Yinnetharra Metallurgy and Exploration Update  27  pages  2.6MB
BMR,21/01/2025  9:44 am,,Dittmer Stage 5 drilling on track to start in February  30  pages  1.6MB
TOK,21/01/2025  9:43 am,Â,Appointment of Executive Group Geologist  4  pages  395.8KB
WNX,21/01/2025  9:43 am,,Pain Away Update  2  pages  116.1KB
CWY,21/01/2025  9:43 am,Â,Becoming a substantial holder  4  pages  162.2KB
CXM,21/01/2025  9:42 am,,Prospectus  56  pages  859.6KB
NFM,21/01/2025  9:42 am,,Strategic alliance with AR1 to process NFM copper ore  7  pages  898.5KB
AR1,21/01/2025  9:42 am,Â,NFM: Strategic alliance with AR1 to process NFM copper ore  7  pages  898.5KB
TG6,21/01/2025  9:41 am,,Quarterly Activities Report and Appendix 5B  17  pages  1.5MB
AR3,21/01/2025  9:37 am,,Drilling completed in 2024 reveals palaeovalley setting  24  pages  4.0MB
CTM,21/01/2025  9:35 am,,Exceptional Quality 34% Nickel Concentrate from Jaguar  13  pages  668.9KB
AVA,21/01/2025  9:35 am,,Q2 FY2025 Trading Update  3  pages  195.2KB
LTR,21/01/2025  9:34 am,,December 2024 Quarter Presentation  13  pages  717.7KB
RSH,21/01/2025  9:34 am,Â,Section 708A Cleansing Notice  1  page  129.8KB
LDR,21/01/2025  9:34 am,,Montezuma Antimony Project High-Grade Drill Assays  20  pages  2.7MB
LRT,21/01/2025  9:33 am,Â,LRT NAV Estimate - 17 January 2025  1  page  137.0KB
EQT,21/01/2025  9:32 am,Â,Application for quotation of securities - EQT  7  pages  20.5KB
TZN,21/01/2025  9:32 am,,BIHGP Legal Proceedings - Update  1  page  184.1KB
ASL,21/01/2025  9:31 am,,Quarterly Activities/Appendix 5B Cash Flow Report  22  pages  3.2MB
EBR,21/01/2025  9:30 am,Â,CEO Investor Presentation  19  pages  13.8MB
IXR,21/01/2025  9:29 am,Â,Notification of cessation of securities - IXR  4  pages  14.8KB
MSV,21/01/2025  9:28 am,Â,Update - Notification of buy-back - MSV  6  pages  18.2KB
IXR,21/01/2025  9:27 am,Â,Final Director's Notice  2  pages  202.4KB
QOR,21/01/2025  9:27 am,,Quarterly Activities/Appendix 4C Cash Flow Report  31  pages  4.2MB
NVX,21/01/2025  9:27 am,,NOVONIX Announces Transition of Chief Executive Officer  4  pages  166.4KB
RSH,21/01/2025  9:26 am,Â,Application for quotation of securities - RSH  6  pages  18.4KB
RSH,21/01/2025  9:25 am,Â,Application for quotation of securities - RSH  6  pages  18.6KB
PNN,21/01/2025  9:24 am,,STRONG PROGRESS FROM FIRST-PHASE DRILLING AT NIOBIO PROJECT  10  pages  872.7KB
KM1,21/01/2025  9:24 am,,Gold Anomaly increases 80% to Over 9km at Marble Bar  16  pages  1.0MB
DUN,21/01/2025  9:24 am,,High-Grade Gold Intercepts Confirm 1km Mineralised Trend  10  pages  898.7KB
BCN,21/01/2025  9:24 am,,Core Drilling Commences at Lady Ida Iguana Deposit  11  pages  1.2MB
BDG,21/01/2025  9:24 am,Â,Director Appointment  3  pages  466.3KB
D3E,21/01/2025  9:24 am,,Production testing complete in northern area of ER315  3  pages  688.6KB
BRE,21/01/2025  9:23 am,,Record Rare Earths Grades at Monte Alto Project  31  pages  3.3MB
LTR,21/01/2025  9:23 am,,December 2024 Quarterly Activities and Cashflow Report  22  pages  2.6MB
RSH,21/01/2025  9:23 am,,Respiri completes acquisition of Orb Health  2  pages  118.7KB
LOM,21/01/2025  9:23 am,,Large base metal targets identified at Merlin  10  pages  3.4MB
STK,21/01/2025  9:22 am,,Shanac Deposit Continues to Expand with Impressive Intercept  17  pages  1.5MB
AVJ,21/01/2025  9:22 am,Â,"Mr Bobby Chin, Director  1  page  298.2KB"
IXR,21/01/2025  9:21 am,Â,Director Resignation  1  page  183.1KB
BGL,21/01/2025  9:20 am,Â,Drilling results support H2 FY25 guidance  32  pages  3.9MB
CND,21/01/2025  9:20 am,,Trading Halt  2  pages  555.7KB
88E,21/01/2025  9:19 am,,Quarterly Activities/Appendix 5B Cash Flow Report  16  pages  2.1MB
CDO,21/01/2025  9:17 am,Â,Change of Director's Interest Notice  2  pages  229.5KB
AI1,21/01/2025  9:17 am,Â,New Board Appointment to drive Semiconductor Innovation  3  pages  251.2KB
CR3,21/01/2025  9:15 am,Â,Proposed issue of securities - CR3  5  pages  18.7KB
CR3,21/01/2025  9:14 am,Â,Proposed issue of securities - CR3  5  pages  17.8KB
CR3,21/01/2025  9:14 am,,Acquisition of Two Highly Prospective Uranium Projects  18  pages  1.7MB
IRD,21/01/2025  9:13 am,,Quarterly Activities and Cashflow Report  9  pages  1.1MB
AIQ,21/01/2025  9:12 am,Â,Update - Notification of buy-back - AIQ  6  pages  18.2KB
M7T,21/01/2025  9:12 am,Â,Investor Webinar Details - Q2 FY25 Business Update  1  page  150.9KB
IPL,21/01/2025  9:10 am,Â,Update - Notification of buy-back - IPL  6  pages  18.4KB
ACR,21/01/2025  9:10 am,Â,Update - Proposed issue of securities - ACR  5  pages  19.7KB
TVN,21/01/2025  9:09 am,,Tivan achieves high-purity vanadium specification at Speewah  12  pages  573.8KB
IGO,21/01/2025  9:08 am,Â,December Quarterly Results Webcast  1  page  135.1KB
WES,21/01/2025  9:07 am,,Catch wind down and OneDigital update  2  pages  180.7KB
DTM,21/01/2025  9:07 am,,High Grade Rock Chips Highlight Potential for Triumph  16  pages  2.6MB
CMD,21/01/2025  9:03 am,Â,Successfully challenges Arbitrator on International Tribunal  1  page  279.9KB
BDM,21/01/2025  9:01 am,Â,Fourth Quarter 2024 Conference Call  1  page  147.8KB
M7T,21/01/2025  9:01 am,Â,Response to ASX Appendix 3Y Query  5  pages  336.7KB
AI1,21/01/2025  9:00 am,Â,Proposed issue of securities - AI1  5  pages  18.7KB
CDO,21/01/2025  9:00 am,Â,Update - Notification of buy-back - CDO  6  pages  18.2KB
VVA,21/01/2025  8:58 am,Â,Update - Notification of buy-back - VVA  6  pages  18.2KB
CSC,21/01/2025  8:54 am,Â,Capstone Announces 2024 Production Results and Provides 2025  7  pages  323.0KB
CLG,21/01/2025  8:54 am,,Update on discussions with Adamantem  2  pages  143.8KB
CTW,21/01/2025  8:53 am,Â,CitiFirst MINIs Cash Amounts for Stop Loss Event 20 Jan 25  1  page  82.8KB
CDO,21/01/2025  8:52 am,Â,Update - Notification of buy-back - CDO  6  pages  17.8KB
BOL,21/01/2025  8:52 am,Â,Update - Notification of buy-back - BOL  5  pages  15.9KB
MFO,21/01/2025  8:52 am,Â,December 2024 Distribution DRP Price  1  page  115.8KB
ALI,21/01/2025  8:50 am,Â,Weekly NTA estimate - Fri 17.1.25  1  page  2.1MB
CTW,21/01/2025  8:50 am,Â,CitiFirst MINIs Stop Loss Trigger Event 20 Jan 25 Update  1  page  88.5KB
XAM,21/01/2025  8:47 am,Â,Xanadu's Near Term Outlook  4  pages  333.8KB
TTT,21/01/2025  8:41 am,Â,Initial Director's Interest Notice - Jim Simpson  3  pages  230.4KB
ITM,21/01/2025  8:37 am,,Quarterly Activities and Cashflow Report 31 December 2024  13  pages  1.6MB
AFG,21/01/2025  8:33 am,Â,AFG December 2024 Quarter Index  10  pages  299.4KB
PIA,21/01/2025  8:32 am,,Dividend/Distribution - PIA  5  pages  18.8KB
WBC,21/01/2025  8:29 am,Â,Update - Notification of buy-back - WBC  6  pages  18.3KB
BHP,21/01/2025  8:24 am,,Quarterly Activities Report  13  pages  169.0KB
OFX,21/01/2025  8:24 am,Â,Notification of cessation of securities - OFX  4  pages  14.7KB
TOP,21/01/2025  8:24 am,Â,Update - Notification of buy-back - TOP  6  pages  18.5KB
NAB,21/01/2025  8:23 am,Â,Notification of cessation of securities - NAB  4  pages  14.7KB
DUI,21/01/2025  8:23 am,Â,Weekly NTA - 17 January 2025  1  page  51.6KB
GOW,21/01/2025  8:23 am,Â,Change in substantial holding  1  page  82.8KB
HZR,21/01/2025  8:22 am,,Quarterly Activities / Cashflow Report  10  pages  733.6KB
RG8,21/01/2025  8:22 am,Â,Update - Notification of buy-back - RG8  6  pages  18.4KB
VG1,21/01/2025  8:22 am,Â,Update - Notification of buy-back - VG1  6  pages  18.4KB
ATV,21/01/2025  8:22 am,Â,Proposed issue of securities - ATV  5  pages  18.1KB
ATV,21/01/2025  8:22 am,,ATV Placement and capital raising completion  2  pages  218.5KB
AUK,21/01/2025  8:22 am,,PO Completed & Agreement Signed with Sichuan Airlines  2  pages  143.8KB
BCM,21/01/2025  8:21 am,,Strong Infill Drilling Results Confirm Ema Starter Zone  40  pages  3.8MB
GSM,21/01/2025  8:21 am,,Quarterly Activities/Appendix 5B Cash Flow Report  19  pages  5.6MB
TEK,21/01/2025  8:21 am,Â,Update - Notification of buy-back - TEK  6  pages  18.4KB
SS1,21/01/2025  8:21 am,,132m intercept with grades of up to 887.2g/t AgEq  21  pages  1.8MB
OFX,21/01/2025  8:21 am,Â,Update - Notification of buy-back - OFX  6  pages  18.3KB
CYL,21/01/2025  8:21 am,,Plutonic East update  12  pages  1.6MB
PDN,21/01/2025  8:21 am,Â,Change in substantial holding  28  pages  1.2MB
HGO,21/01/2025  8:21 am,,Quarterly Report and Appendix 5B for 31 December 2024  23  pages  1.4MB
1CG,21/01/2025  8:21 am,Â,Investor Presentation  13  pages  4.4MB
GEM,21/01/2025  8:20 am,Â,Update - Notification of buy-back - GEM  6  pages  18.2KB
AUI,21/01/2025  8:20 am,Â,Weekly NTA - 17 January 2025  1  page  51.6KB
NC1,21/01/2025  8:20 am,,Quarterly Activities/Appendix 5B Cash Flow Report  19  pages  1.8MB
DRO,21/01/2025  8:20 am,Â,Becoming a substantial holder  20  pages  1.1MB
MIN,21/01/2025  8:20 am,Â,Becoming a substantial holder  51  pages  1.5MB
BML,21/01/2025  8:20 am,,Quarterly Activities/Appendix 5B Cash Flow Report  12  pages  486.9KB
PME,21/01/2025  8:19 am,Â,PME HY Results release date and webcast briefing  1  page  207.9KB
ALK,21/01/2025  8:19 am,,Gold Intercepts Below San Antonio Resource at Tomingley  16  pages  10.2MB
POD,21/01/2025  8:19 am,,Quarterly Activities and Cash Flow Reports  11  pages  823.3KB
MEK,21/01/2025  8:19 am,,33m @ 3.07gt Au - More Thick High Grade Gold at St Anne's  19  pages  6.2MB
NAB,21/01/2025  8:19 am,Â,Update - Notification of buy-back - NAB  6  pages  18.4KB
SYA,21/01/2025  8:19 am,Â,December Quarterly Report Advisory  1  page  83.4KB
ION,21/01/2025  8:19 am,,Quarterly Activities/Appendix 5B Cash Flow Report  12  pages  815.7KB
FWD,21/01/2025  8:18 am,Â,Update - Notification of buy-back - FWD  6  pages  18.4KB
WEB,21/01/2025  8:18 am,Â,Update - Notification of buy-back - WEB  6  pages  18.4KB
LSF,21/01/2025  8:18 am,Â,Net Tangible Asset Backing  1  page  103.9KB
DYL,21/01/2025  8:18 am,,Appendix 5B December 2024 Quarterly Cashflow  5  pages  342.7KB
DYL,21/01/2025  8:18 am,,December 2024 Quarterly Activities Report  20  pages  1.8MB
RAS,21/01/2025  8:17 am,,Quarterly Activities Report - December 2024  3  pages  447.1KB
RAS,21/01/2025  8:17 am,,Quarterly Appendix 5B Cash Flow Report - December 2024  5  pages  253.8KB
DEG,21/01/2025  8:17 am,,Quarterly Activities Report - December 2024  31  pages  2.1MB
DEG,21/01/2025  8:17 am,,Quarterly Cash Flow Report - December 2024  5  pages  265.8KB
KP2,21/01/2025  8:17 am,Â,Results of Shareholders Analysis  2  pages  130.7KB
NST,21/01/2025  8:17 am,,December 2024 Quarterly Activities Report  17  pages  4.0MB
NNL,21/01/2025  8:16 am,,Quarterly Activities Report & Appendix 5B  10  pages  1.3MB
LEG,21/01/2025  8:16 am,,December 2024 Quarterly Activities Report  9  pages  2.0MB
LEG,21/01/2025  8:16 am,,December 2024 Quarterly Cashflow Report  5  pages  250.4KB
MHK,21/01/2025  8:16 am,,Exceptional Results Extend High Grade Gold at Thylacine  19  pages  3.3MB
PIQ,21/01/2025  8:16 am,,December 2024 Quarterly Activities Report and Appendix 4C  12  pages  1.1MB
MIN,21/01/2025  8:16 am,Â,Clarification of Change of Directors' Interest Notice  25  pages  551.8KB
STW,21/01/2025  8:15 am,Â,Daily Fund Update  9  pages  180.4KB
SLF,21/01/2025  8:15 am,Â,Daily Fund Update  4  pages  77.0KB
SFY,21/01/2025  8:15 am,Â,Daily Fund Update  4  pages  79.3KB
HUB,21/01/2025  8:00 am,,HUB24 Q2 FY25 Market Update  5  pages  144.0KB
AIZ,21/01/2025  7:47 am,Â,Air New Zealand Announces Executive Appointments  1  page  235.1KB
MCY,21/01/2025  7:30 am,,Quarterly Operational Update  6  pages  1.6MB
MCY,21/01/2025  7:30 am,Â,Mercury announces CFO appointment  1  page  184.6KB
THL,21/01/2025  7:30 am,Â,Executive resignation - Chief Customer and Revenue Officer  2  pages  224.3KB
